CBSA_LABEL;NAC3;NAC3_LABEL;TOTAL_UNIT;TOTAL10;WHM1;WHM2;WHM3;WHM4;WHM5;WHM6;WHM7;WHM8;WHM9;WHM1_2;WHF1;WHF2;WHF3;WHF4;WHF5;WHF6;WHF7;WHF8;WHF9;WHF1_2;BLKM1;BLKM2;BLKM3;BLKM4;BLKM5;BLKM6;BLKM7;BLKM8;BLKM9;BLKM1_2;BLKF1;BLKF2;BLKF3;BLKF4;BLKF5;BLKF6;BLKF7;BLKF8;BLKF9;BLKF1_2;HISPM1;HISPM2;HISPM3;HISPM4;HISPM5;HISPM6;HISPM7;HISPM8;HISPM9;HISPM1_2;HISPF1;HISPF2;HISPF3;HISPF4;HISPF5;HISPF6;HISPF7;HISPF8;HISPF9;HISPF1_2;ASIANM1;ASIANM2;ASIANM3;ASIANM4;ASIANM5;ASIANM6;ASIANM7;ASIANM8;ASIANM9;ASIANM1_2;ASIANF1;ASIANF2;ASIANF3;ASIANF4;ASIANF5;ASIANF6;ASIANF7;ASIANF8;ASIANF9;ASIANF1_2;AIANM1;AIANM2;AIANM3;AIANM4;AIANM5;AIANM6;AIANM7;AIANM8;AIANM9;AIANM1_2;AIANF1;AIANF2;AIANF3;AIANF4;AIANF5;AIANF6;AIANF7;AIANF8;AIANF9;AIANF1_2;NHOPIM1;NHOPIM2;NHOPIM3;NHOPIM4;NHOPIM5;NHOPIM6;NHOPIM7;NHOPIM8;NHOPIM9;NHOPIM1_2;NHOPIF1;NHOPIF2;NHOPIF3;NHOPIF4;NHOPIF5;NHOPIF6;NHOPIF7;NHOPIF8;NHOPIF9;NHOPIF1_2;TOMRM1;TOMRM2;TOMRM3;TOMRM4;TOMRM5;TOMRM6;TOMRM7;TOMRM8;TOMRM9;TOMRM1_2;TOMRF1;TOMRF2;TOMRF3;TOMRF4;TOMRF5;TOMRF6;TOMRF7;TOMRF8;TOMRF9;TOMRF1_2;i;SUMCOUNT;MISSCOUNT;SMALLEST;INDEX
Atlanta-Sandy Springs-Roswell, GA;445;Food and Beverage Stores;393;52056;26;261;99;7843;38;38;726;830;252;1472;6;437;411;9037;263;;561;638;475;701;4;69;71;6619;40;14;599;788;231;637;;110;248;9675;133;;455;424;313;424;;10;7;1039;5;4;154;156;45;152;;13;31;1213;35;;142;116;39;84;;70;29;590;9;;79;73;27;53;;146;64;860;17;;46;30;43;19;;;;42;;;5;;;9;;3;4;78;;;6;13;;5;;;;24;;;3;5;;;;;3;32;3;;23;;;7;;10;8;577;;;19;16;11;22;;15;28;623;3;;22;16;12;18;141;23;38;;
Atlanta-Sandy Springs-Roswell, GA;452;General Merchandise Stores;289;60092;19;104;100;2681;1259;315;303;2370;539;767;4;155;290;6113;1621;26;290;5299;566;647;;56;95;3877;2793;286;382;1587;939;539;;111;354;11923;2761;32;399;1386;1183;659;;4;4;440;190;33;89;366;93;60;;10;39;1304;245;4;57;446;135;55;;40;22;283;87;17;22;96;56;33;;78;67;780;102;15;30;117;50;34;;;;20;14;;;29;4;5;;;4;62;11;;3;45;4;4;;3;;15;16;3;;14;7;;;3;4;47;15;;;17;11;5;;8;9;205;86;13;14;117;26;26;;7;25;485;99;;11;183;33;28;141;19;24;;
Atlanta-Sandy Springs-Roswell, GA;541;Professional, Scientific, and Technical Services;551;110378;2411;19169;2431;2905;2351;338;586;803;207;8361;846;12479;1010;1558;6640;11;103;110;411;4668;114;3662;815;400;1416;153;495;539;268;994;90;4524;453;373;4791;13;183;368;233;1264;62;1184;221;204;262;43;98;274;13;416;28;848;96;129;563;;45;25;37;223;316;6692;210;183;201;6;60;29;17;2530;77;3169;85;79;345;4;14;10;33;629;;64;12;6;9;;;8;;22;;48;5;11;26;;;4;;13;5;64;10;10;15;;4;13;;20;;35;8;6;62;;;;;15;19;427;67;60;98;3;24;40;9;129;15;401;39;59;336;;5;13;17;104;141;12;17;;
Atlanta-Sandy Springs-Roswell, GA;561;Administrative and Support Services;330;84465;856;4274;720;3485;1168;1393;653;1210;2158;3263;390;4196;226;1646;3595;95;208;539;908;2199;56;1068;448;1296;1534;483;1024;3441;7390;708;57;2186;243;1251;5193;103;496;2393;6361;853;22;355;121;853;319;290;160;2085;476;222;12;363;49;496;624;24;172;1826;491;179;28;723;146;340;173;61;29;156;83;247;10;536;52;152;264;5;29;54;46;121;;14;8;22;6;5;5;8;24;8;;11;4;20;25;;;14;21;8;;22;;33;17;4;;11;27;8;;19;;15;34;;3;4;27;6;6;112;29;282;85;54;35;58;194;43;3;139;13;189;288;8;24;45;196;59;141;10;10;;
Atlanta-Sandy Springs-Roswell, GA;622;Hospitals;80;89108;231;3610;1623;6;471;272;78;27;800;779;272;21317;4846;22;3860;7;59;4;1675;1895;32;1998;1572;;737;185;460;52;2067;283;90;12138;5466;23;6232;9;1012;64;5462;855;8;204;102;;60;24;9;6;128;19;3;836;334;;364;20;19;;318;46;4;487;157;;32;11;14;3;60;31;5;2071;410;;159;;35;;158;70;;15;9;;4;;3;;10;6;;95;26;;25;;3;;22;5;;34;25;;4;;;;9;3;;141;37;;19;;;;26;;;153;76;;36;3;;;71;27;;699;222;;298;;3;;146;35;141;20;35;;
Atlanta-Sandy Springs-Roswell, GA;722;Food Services and Drinking Places;522;50713;306;212;32;24;63;159;51;172;5069;1969;129;143;8;159;209;;42;142;7724;1703;35;94;17;25;50;34;122;907;8017;975;150;105;17;92;224;9;56;980;10866;899;13;19;7;20;8;19;20;125;2753;223;5;15;21;31;21;10;5;63;2367;229;7;7;3;;5;6;;156;192;69;;19;5;5;11;;;183;306;52;;;;;;;;4;40;19;;;;;;;;4;58;7;;;;;;;;4;45;8;;;;;3;;;3;81;7;;;;;3;;6;35;488;51;;5;;5;8;;;28;752;34;141;25;42;;
Baltimore-Columbia-Towson, MD;541;Professional, Scientific, and Technical Services;364;61604;1147;16830;2529;652;833;518;197;118;771;4340;358;7204;526;306;2808;32;42;36;2021;1943;45;2341;506;55;367;123;99;211;772;395;47;1923;225;105;1167;7;29;162;1554;345;22;715;130;25;66;55;13;20;73;145;9;362;27;15;141;7;15;4;103;67;96;2124;156;28;106;26;15;17;30;364;29;1196;89;7;128;6;11;;28;155;;45;10;;;3;;3;5;9;;29;;;5;;;;18;5;4;54;13;4;8;;;;;11;;39;;;8;;;;;3;14;385;46;10;34;10;7;14;20;44;3;213;12;23;71;;;10;48;32;141;18;24;;
Baltimore-Columbia-Towson, MD;622;Hospitals;49;81186;257;4229;1771;;421;351;79;47;860;938;278;21780;5747;6;4467;36;37;126;1667;2303;21;1056;1416;;595;110;94;116;2179;188;41;5502;4988;14;5024;21;68;426;3989;644;4;174;86;;35;11;6;3;79;29;;544;238;;215;;6;5;134;53;23;1132;389;;65;12;16;8;73;71;14;2864;593;;194;5;;9;122;99;;32;16;;;;;3;9;;;114;45;;37;;;5;20;13;;26;11;;;;;;4;;;49;25;;11;;;;6;3;;157;96;;27;3;;3;55;16;;641;227;;170;;;9;93;33;141;24;38;;
Boston-Cambridge-Newton, MA-NH;334;Computer and Electronic Product Manufacturing;193;50873;1063;13703;2358;2523;666;674;986;156;79;5403;241;5087;515;847;1754;68;648;90;12;1789;8;408;159;65;41;29;112;11;;77;4;124;33;16;65;;47;4;;33;20;471;218;100;63;44;291;33;12;146;5;189;40;33;73;12;264;39;;44;79;3196;466;164;62;112;800;87;5;578;18;1339;149;76;93;28;700;119;;187;4;28;11;;;;;;;3;;13;;;4;;34;;;4;;40;10;5;;;8;3;;6;;92;3;;6;;;5;;;7;116;21;27;7;;10;;;40;;47;7;9;14;;5;3;;6;141;22;33;;
Boston-Cambridge-Newton, MA-NH;445;Food and Beverage Stores;322;64159;69;247;91;15142;484;481;1298;1105;4887;2349;26;296;50;15065;1116;399;439;365;4382;1192;;7;;1273;32;4;120;227;788;79;;8;3;1175;18;;46;53;627;40;;10;6;1296;27;68;563;254;521;136;;7;;1884;85;44;230;146;474;92;;18;8;1022;17;3;78;63;264;94;;41;6;1426;45;23;28;34;294;25;;;;42;5;;7;5;20;8;;;;63;;;;3;15;;;;;15;;;;;10;;;;;23;;;;;9;;;;;122;5;;9;22;110;11;;3;;168;6;;9;5;105;15;141;29;43;;
Boston-Cambridge-Newton, MA-NH;541;Professional, Scientific, and Technical Services;661;146627;4067;35116;3139;4982;2627;538;777;234;201;13783;1618;23877;1433;2324;8532;27;563;117;198;9217;39;1284;490;151;403;14;78;23;57;259;30;1228;158;89;1063;3;24;12;28;244;102;1545;357;204;331;21;118;49;52;394;36;1148;155;130;711;;90;49;28;318;453;7934;307;218;330;11;128;28;53;1971;126;5410;219;138;620;6;127;19;20;1137;5;63;15;11;6;3;;;;24;;51;;3;17;;3;;;10;4;85;10;7;9;;;;;9;;57;;3;16;;;;;16;30;603;86;97;111;4;7;5;9;135;10;505;31;52;245;;7;;6;98;141;19;21;;
Boston-Cambridge-Newton, MA-NH;561;Administrative and Support Services;219;50193;605;2904;571;1015;1193;572;656;671;5043;2083;290;2943;123;587;2780;46;150;243;1644;1621;11;307;69;53;198;62;105;447;3601;189;15;318;49;39;326;6;24;225;2088;77;16;160;57;64;331;86;360;1598;4426;336;5;158;4;26;380;14;123;1315;3139;142;29;419;22;18;126;14;65;58;356;124;8;349;5;24;147;3;68;92;204;103;;8;3;;;7;;7;39;5;;9;;;10;;;3;15;6;;7;5;;10;;;;21;6;;;;;7;;;5;5;3;4;68;7;15;38;7;13;81;270;43;3;53;8;13;87;;4;219;116;23;141;17;21;;
Boston-Cambridge-Newton, MA-NH;622;Hospitals;126;167713;507;14433;3531;6;1656;933;190;126;3422;2479;626;53554;11392;47;14061;17;73;24;7491;5819;16;903;1006;;748;86;87;52;2554;182;13;3001;1985;8;4230;;27;17;4421;424;10;869;476;;429;55;63;37;1402;148;15;1787;1056;;2645;8;14;19;2331;226;22;3503;558;;264;18;15;;441;170;9;5222;1113;5;1042;;4;;794;292;3;30;12;;9;6;;;20;3;;73;29;;53;;;;36;9;;19;12;;;3;;;9;;;66;14;;41;;;;29;;;235;93;;71;7;3;;130;22;;587;210;;344;;3;;251;52;141;20;35;;
Boston-Cambridge-Newton, MA-NH;623;Nursing and Residential Care Facilities;299;56586;221;831;185;25;198;172;118;205;2457;642;396;6027;1637;118;2012;32;37;101;9383;2061;48;471;397;;48;20;32;219;4373;134;30;1740;1495;4;333;11;44;293;10954;364;18;99;31;;18;32;20;65;1013;75;53;364;141;6;202;19;31;74;3483;116;;84;16;;14;3;5;4;225;16;5;442;64;4;98;;5;12;747;69;;4;;;;;;;18;4;;22;3;;3;;;;50;3;;9;3;;;;;3;23;3;;31;11;;5;;;;76;6;;44;10;;;;;4;136;3;7;80;33;;29;;5;8;367;18;141;24;34;;
Chicago-Naperville-Elgin, IL-IN-WI;311;Food Manufacturing;242;53312;817;1893;462;1524;563;1322;2026;831;302;3203;202;1743;259;584;1432;90;607;673;438;2026;20;156;96;115;168;316;1897;1388;233;292;7;221;76;55;274;60;743;752;383;222;106;263;473;163;456;1202;5138;4122;552;775;47;272;341;119;793;221;2054;3963;438;305;29;281;71;26;49;60;287;241;49;236;6;271;29;19;79;7;85;215;46;181;;6;;;;5;8;3;;5;;3;;;3;;;;4;9;;4;11;;;;22;16;3;7;;14;5;;7;;7;14;4;9;5;43;9;8;25;18;67;45;30;71;;61;9;5;30;;43;30;37;49;141;17;20;;
Chicago-Naperville-Elgin, IL-IN-WI;445;Food and Beverage Stores;444;70287;100;432;235;12626;338;198;1374;1413;1684;2235;40;551;661;14605;966;112;448;413;1940;1529;8;19;24;3240;44;48;511;679;694;281;;39;97;4842;156;23;95;199;574;238;10;38;53;3817;98;49;736;729;1001;506;5;29;137;3955;163;17;113;211;764;223;;63;48;846;18;;35;76;70;73;;95;85;850;26;3;8;17;71;32;;;;62;3;;7;9;5;5;;4;;79;3;;;5;7;7;;4;3;47;3;;6;3;4;7;;;3;40;;;;;7;;3;3;11;452;4;;18;35;42;34;;6;12;469;7;;7;13;34;15;141;18;24;;
Chicago-Naperville-Elgin, IL-IN-WI;452;General Merchandise Stores;464;81712;14;295;204;5887;2031;307;388;1259;1403;1358;13;398;674;15832;2952;133;427;769;1545;1361;4;32;39;2960;1874;111;137;899;844;261;;84;238;9611;1984;14;222;491;1034;366;;29;87;2933;872;149;239;727;731;306;;58;289;7238;1064;24;195;445;936;254;;77;47;1083;287;36;46;103;164;107;;145;135;2120;228;22;48;90;119;73;;;;36;14;;;5;6;5;;;;102;10;;;7;7;6;;3;;38;13;;4;9;14;;;;6;80;13;;;;6;8;;10;14;230;125;12;24;65;45;23;;12;18;536;103;;17;37;44;28;141;16;27;;
Chicago-Naperville-Elgin, IL-IN-WI;522;Credit Intermediation and Related Activities;215;63131;1263;9874;114;1090;2263;22;7;22;88;5202;483;7475;33;560;6188;;;;26;3982;32;803;18;229;713;;3;3;44;335;32;1625;11;642;3094;;;;42;748;37;918;17;485;795;4;16;5;40;505;15;1204;5;1385;2226;;3;;28;1134;54;2137;54;66;349;;;;3;697;24;1552;14;49;677;;;;;514;;13;;5;8;;;;;8;;13;;5;18;;;;;9;;29;;5;27;;;;;8;;20;;3;20;;;;;10;6;152;3;42;98;;;;;52;4;128;;91;193;;;;;66;141;17;49;;
Chicago-Naperville-Elgin, IL-IN-WI;524;Insurance Carriers and Related Activities;202;56220;901;9184;288;1258;1685;11;;6;7;4520;369;10834;221;860;4572;;;;;3828;17;783;25;144;448;;;;;239;20;2550;53;170;2471;;;;7;537;16;742;22;92;491;;;;;220;14;1313;26;120;1394;;;;8;251;39;1399;96;50;194;;;;;406;11;1578;82;37;400;;;;;292;4;12;;;;;;;;6;;26;3;4;15;;;;;6;;17;;3;9;;;;;4;;30;;3;12;;;;;6;3;156;;17;46;;;;;47;;253;6;16;143;;;;;47;141;25;61;;
Chicago-Naperville-Elgin, IL-IN-WI;541;Professional, Scientific, and Technical Services;754;162909;4566;32528;3340;3954;3569;524;561;363;217;14569;1935;22140;895;2133;10767;19;129;240;447;10804;80;1913;367;215;927;56;256;380;67;491;77;2388;267;183;3614;3;116;358;107;764;117;2352;543;213;790;139;452;450;91;744;57;1956;192;177;2166;;465;510;164;652;1674;8493;347;251;455;6;50;21;15;2947;301;4759;164;102;647;;23;14;16;1320;11;57;15;7;16;;;;;25;;50;;4;34;;;;;26;6;98;22;9;26;;;4;;25;;56;3;5;35;;;;;19;25;598;43;69;123;4;20;20;4;176;21;501;20;55;303;;7;23;10;152;141;18;21;;
Chicago-Naperville-Elgin, IL-IN-WI;561;Administrative and Support Services;494;120785;1173;3598;1054;1317;1776;909;1077;1729;7913;3308;478;3849;305;833;5088;79;234;763;4616;2421;39;487;303;153;1146;201;1385;3202;8162;406;43;908;254;208;4078;65;741;1883;7356;440;54;431;340;125;777;786;4321;8738;6094;692;32;488;112;107;1918;78;3203;6263;5656;384;32;735;103;22;249;15;215;184;536;225;12;557;39;29;362;5;121;113;262;157;;10;5;7;14;13;71;54;60;15;;19;;5;22;6;50;31;31;7;;29;8;9;31;3;7;37;49;6;;11;;;27;;;21;20;4;9;88;31;18;96;10;51;184;254;43;3;71;9;18;263;5;18;147;177;44;141;12;9;;
Chicago-Naperville-Elgin, IL-IN-WI;621;Ambulatory Health Care Services;296;71909;354;3867;1964;171;512;56;195;45;655;742;273;15612;2985;464;5152;4;226;83;3396;1792;21;548;276;17;237;20;76;45;744;89;49;2548;1174;45;2303;;127;95;8181;363;25;384;387;28;218;17;61;23;230;70;29;1130;924;87;2098;;75;47;2574;195;16;1128;323;8;89;;35;;239;81;14;1588;399;10;348;;23;3;1371;138;;16;5;;;;;;;;;26;12;;14;;;;15;3;;141;14;;8;;;;;5;;172;22;;34;;;;9;3;3;182;44;;53;;3;;73;10;5;420;82;11;209;;;;350;22;141;22;35;;
Chicago-Naperville-Elgin, IL-IN-WI;622;Hospitals;165;182167;499;8667;3260;34;894;1044;200;276;2286;2294;580;49920;12663;85;11583;44;151;285;6624;5082;34;1313;1196;;514;140;106;248;2780;247;65;6820;4331;16;5125;7;97;167;6439;836;16;1048;863;8;410;202;63;165;1627;192;20;4659;3038;14;3795;4;39;106;3201;399;38;3878;1478;;261;45;35;57;637;367;32;10747;2219;4;983;9;27;22;950;487;;45;18;;;3;;;11;6;;116;51;;27;;;;23;10;3;102;39;;10;;3;;28;7;;368;53;;38;;;;28;15;;249;102;;35;10;;11;91;37;4;687;282;;272;;4;6;215;47;141;14;25;;
Chicago-Naperville-Elgin, IL-IN-WI;623;Nursing and Residential Care Facilities;382;62379;204;633;139;28;193;240;225;249;1961;542;320;4557;998;225;1703;122;179;339;7906;1711;20;390;183;4;72;58;87;206;2280;165;63;2377;1440;28;678;48;107;726;10243;493;10;108;50;4;45;95;72;164;1957;135;13;519;269;16;371;13;103;345;5432;195;4;791;152;3;82;28;18;57;1387;73;22;2853;485;5;248;8;5;91;2521;349;;4;;;;;;;16;;;31;8;;9;;;3;65;4;;19;4;;;;3;;35;;;90;19;;6;;;10;168;13;;11;6;;5;;;3;96;9;;81;29;25;29;;;7;288;19;141;24;29;;
Chicago-Naperville-Elgin, IL-IN-WI;722;Food Services and Drinking Places;804;80517;375;492;44;245;122;124;343;262;10469;2352;159;578;11;317;600;7;30;245;14005;1739;19;52;35;67;43;39;143;412;5689;282;6;82;13;95;121;10;39;320;6949;278;260;81;12;40;73;68;218;539;15081;792;84;86;;93;170;6;25;226;10194;357;10;42;;18;22;7;67;90;819;170;6;42;;18;31;;13;75;923;151;;;;;;;;7;148;17;;;;;;;;3;135;13;;;3;;;;5;6;83;14;;;;;;;;6;104;7;5;9;;4;3;5;12;11;756;46;;7;;11;15;;;9;885;40;141;26;35;;
Cincinnati, OH-KY-IN;622;Hospitals;69;57982;304;4904;1143;3;522;335;112;13;1283;708;249;21927;4585;36;6025;13;225;8;3344;2009;9;338;231;;219;28;41;8;648;51;20;1388;702;;1641;;48;4;1873;155;6;104;13;;13;;;;28;6;;238;59;;76;;6;;57;9;14;546;40;;13;;;;33;9;6;760;77;;49;;4;;77;19;;8;;;;;;;3;;;29;4;;13;;;;7;4;;8;3;;7;;3;;4;;;15;5;;6;;;;7;;;43;8;;6;;;;26;6;;151;42;;64;;;;58;13;141;25;52;;
Cleveland-Elyria, OH;622;Hospitals;88;61832;131;6284;1687;;456;335;111;73;901;930;131;20904;5035;;5170;11;12;35;2509;1944;;274;374;;223;40;41;59;1027;65;6;1688;1467;;2771;6;7;29;2370;217;3;146;68;;27;7;6;6;104;16;3;401;174;;206;;;;225;23;5;686;57;;17;;3;5;39;17;;978;117;;72;;;;87;34;;16;5;;3;;;;;5;;62;18;;22;;;;24;3;;8;5;;;;;;7;;;23;15;;7;;;;5;3;;81;34;;16;;;4;31;8;;230;85;;118;;;;108;7;141;24;49;;
Dallas-Fort Worth-Arlington, TX;334;Computer and Electronic Product Manufacturing;110;52340;737;12466;3097;2197;462;649;1231;29;64;4576;143;3751;316;652;1030;110;436;18;19;1219;23;920;455;199;139;129;510;14;19;309;9;541;104;110;271;66;355;15;9;134;40;1265;585;230;139;125;395;25;6;351;13;406;81;70;226;29;294;58;5;106;112;4203;483;451;70;119;547;43;;833;22;1371;142;85;99;72;498;55;;204;;75;16;11;9;3;8;;;35;;46;;6;7;;9;;;5;3;41;8;8;6;9;11;;;12;;17;;;6;;8;;;3;6;210;56;39;19;6;32;;;34;;94;10;14;22;;10;;;18;141;17;24;;
Dallas-Fort Worth-Arlington, TX;452;General Merchandise Stores;362;77680;21;158;204;5132;3116;534;645;1437;1252;1120;7;194;573;10209;3178;64;402;505;1039;955;;97;77;2755;2707;238;225;1393;789;330;;112;287;7947;2384;22;222;1106;687;335;;19;105;2731;1570;236;393;968;711;310;;51;296;6271;1977;31;451;486;815;296;;109;95;957;491;36;71;203;130;68;;150;175;1965;451;18;62;72;135;50;;;4;75;44;5;8;20;26;17;;4;11;142;54;;6;10;11;13;;;;43;48;4;5;15;7;3;;6;8;115;56;;6;4;19;;;9;11;225;169;21;23;101;43;29;;10;31;465;178;;18;66;34;36;141;9;19;;
Dallas-Fort Worth-Arlington, TX;522;Credit Intermediation and Related Activities;254;79366;1131;6996;277;1528;4184;7;43;10;73;4547;432;5197;140;841;8400;;22;3;20;3309;79;1349;80;283;3677;;54;;11;650;20;2282;80;203;10666;;29;;4;887;49;1197;61;336;2496;;21;5;17;604;43;1173;52;254;5090;;10;3;7;624;73;2484;171;79;882;;26;;;726;9;1704;103;49;1059;;10;;;333;5;52;3;8;38;;;;;23;;55;5;3;105;;;;;21;3;46;8;9;90;;;;;25;3;41;;3;79;;;;;12;6;196;11;35;252;;3;;;88;6;175;7;20;582;;;;;69;141;15;38;;
Dallas-Fort Worth-Arlington, TX;524;Insurance Carriers and Related Activities;177;51946;382;5408;196;942;2036;6;7;260;10;2252;149;6160;223;592;6165;;;35;6;2164;10;1085;37;218;1509;;;14;3;307;10;2706;205;264;6900;;;;;641;8;884;37;234;876;4;;47;;270;5;1097;77;206;2478;;;3;4;294;11;871;46;67;190;;;;;164;;874;42;55;401;;;;;119;;46;;4;24;;;3;;8;;58;3;7;69;;;;;16;;13;3;4;17;;;;;3;;16;4;;35;;;;;4;;199;8;34;157;;;4;;55;;258;11;47;502;;;;;52;141;16;51;;
Dallas-Fort Worth-Arlington, TX;541;Professional, Scientific, and Technical Services;475;97766;2189;18296;1755;2062;1769;306;317;138;168;7546;704;10716;693;1168;5823;10;47;33;110;4100;65;1871;445;218;791;66;92;119;76;474;50;1929;269;201;3154;4;57;62;171;516;99;2126;457;196;624;115;164;472;57;594;38;1453;161;171;1884;29;112;181;158;463;367;8742;149;305;224;8;42;11;9;2882;68;3395;79;100;359;;28;8;36;599;10;110;15;7;20;3;5;3;;26;5;88;14;10;67;;;;4;20;3;49;10;6;7;;;;;19;;32;5;9;14;;;3;;8;13;469;52;51;93;8;12;6;;142;11;345;31;53;264;;3;3;7;73;141;13;15;;
Dallas-Fort Worth-Arlington, TX;561;Administrative and Support Services;406;97577;786;4610;1030;2068;1831;580;746;1029;5478;2881;323;3945;496;2661;4906;80;221;371;2911;2155;31;705;261;446;1717;509;811;2134;5701;390;29;1228;394;611;6245;90;435;1265;4010;514;63;716;387;335;1061;1530;938;3120;3254;516;40;659;847;534;2904;115;313;1888;3431;330;26;1181;215;75;246;21;66;233;547;331;8;875;157;82;348;6;59;105;513;149;6;33;14;18;22;14;5;20;106;19;4;46;6;30;56;;3;12;48;6;;25;;6;21;4;7;23;41;6;;19;;9;36;;;20;11;12;9;133;34;59;177;36;23;103;267;52;;151;33;83;471;4;16;73;213;66;141;8;8;;
Dallas-Fort Worth-Arlington, TX;622;Hospitals;163;92488;542;4707;2343;26;463;178;75;112;804;1236;474;23158;5261;80;4636;11;4;209;1929;3402;25;1157;1061;8;309;34;39;33;968;206;44;5356;2893;25;2712;9;25;23;3014;655;36;740;791;3;316;60;53;38;664;224;33;2823;1631;18;2605;;17;33;1994;406;25;1444;620;;71;23;8;5;170;133;16;5021;952;;324;;;4;354;256;;38;29;;4;;;;14;11;;190;58;;48;;;;40;27;;25;21;;8;;;;3;3;;69;30;;23;;;;14;6;7;131;95;;22;4;3;4;40;34;;497;205;3;304;;;11;215;71;141;24;29;;
Dallas-Fort Worth-Arlington, TX;722;Food Services and Drinking Places;795;74811;383;326;8;151;142;74;65;275;9119;2290;186;326;;148;441;;11;638;12534;1262;46;44;3;41;53;14;180;185;4794;357;67;62;;62;147;3;16;127;5672;201;52;71;7;57;54;47;130;712;15181;870;39;68;;75;179;3;50;494;11071;445;25;41;;11;33;7;64;46;735;116;10;46;;11;38;;16;36;784;55;3;;;;;;;4;133;8;4;;;;;;;6;151;13;;6;;;12;;;9;143;10;;;;;10;;;4;221;8;6;7;;;19;3;3;14;770;47;8;;;4;21;;;25;934;45;141;28;36;;
Denver-Aurora-Lakewood, CO;541;Professional, Scientific, and Technical Services;314;50463;1130;14101;1823;984;990;166;72;74;686;4708;343;7919;678;644;3239;6;14;35;635;2508;12;389;97;31;146;5;5;5;86;62;;278;21;25;283;;;;84;52;28;840;225;70;172;30;29;302;157;229;19;600;82;70;555;;4;6;151;127;33;1489;81;28;47;7;6;;18;313;17;717;58;20;118;;6;;15;116;6;60;14;4;3;;;;12;12;;37;8;;28;;;;9;10;5;40;11;;7;3;;;11;8;;27;7;;17;;;;9;;12;306;63;16;37;3;;;40;55;4;199;17;14;127;;;3;33;41;141;24;29;;
Detroit-Warren-Dearborn, MI;336;Transportation Equipment Manufacturing;245;148279;1771;33682;6051;535;1392;8627;12850;2591;64;12803;286;9213;802;177;1845;352;3784;887;30;3349;35;2209;574;29;239;1110;10006;2246;19;692;13;1352;205;38;326;161;6727;1644;14;415;52;1943;169;25;71;231;648;214;;516;9;643;53;5;74;20;324;124;;155;148;7096;247;22;84;94;269;45;;1270;17;2128;64;5;77;15;93;25;;293;5;108;17;;9;51;109;23;;34;;37;3;;7;3;56;9;;7;3;73;7;;7;16;20;4;;30;;25;;;7;;9;9;;11;6;415;50;5;13;25;236;34;;75;3;104;4;6;29;;102;16;;30;141;14;19;;
Detroit-Warren-Dearborn, MI;541;Professional, Scientific, and Technical Services;349;80042;1640;17743;3344;1179;1411;2215;2530;495;124;6433;643;9209;683;625;4660;85;757;296;215;3684;37;1136;426;66;635;214;910;273;84;273;41;1305;241;87;2436;21;447;334;150;365;35;610;129;66;82;84;127;40;9;165;13;360;27;37;150;7;45;25;11;91;180;4589;850;83;99;28;21;8;;850;26;1842;124;23;150;;10;;5;275;5;47;15;6;4;11;16;5;;15;;24;5;;17;8;5;;;7;4;31;7;;;5;;;;11;;25;;;24;;;;;5;8;273;75;19;37;34;32;23;5;49;3;170;20;15;141;;20;29;4;39;141;16;21;;
Detroit-Warren-Dearborn, MI;622;Hospitals;66;88112;293;6582;1707;7;802;545;390;253;1577;1037;361;26996;6405;18;7244;58;686;337;5110;2022;16;515;456;6;318;102;137;114;1084;89;44;3549;1750;11;3210;10;148;216;4227;282;8;182;55;;28;12;9;12;81;28;4;519;191;;204;;17;18;214;40;38;1513;156;;56;13;26;10;122;121;9;2905;322;;157;3;18;16;281;122;;21;3;;4;;;;9;;;90;25;;35;;;3;29;4;;36;5;;5;;;;8;3;;72;14;;8;;;;19;3;3;134;36;;37;6;10;11;55;67;4;456;122;5;256;;23;17;172;64;141;14;27;;
Houston-The Woodlands-Sugar Land, TX;445;Food and Beverage Stores;337;50156;44;160;57;4604;106;282;225;515;1074;954;13;182;212;5291;324;35;80;212;823;461;;48;26;2352;80;157;527;502;727;329;;80;103;3550;172;19;85;107;608;212;11;57;64;5023;391;448;1175;1063;1744;896;;67;178;6163;408;67;582;386;1810;453;;71;40;629;16;19;36;66;140;53;;109;89;723;28;;27;12;165;42;;;;54;;;7;7;14;8;;;3;74;;;;5;10;8;;;;24;;;7;5;;;;;3;28;;;3;;9;;;;5;543;4;23;9;23;39;28;;3;17;523;7;;;11;23;15;141;25;34;;
Houston-The Woodlands-Sugar Land, TX;452;General Merchandise Stores;269;57764;11;53;73;2359;1235;314;276;602;531;553;4;109;266;5699;1442;29;165;291;505;523;;43;56;2375;1940;221;194;941;505;327;;94;245;7405;1853;18;134;472;675;357;3;18;88;2670;1483;272;444;1180;709;343;;59;371;7350;1893;34;432;474;1038;318;;70;90;793;287;30;36;116;97;67;;134;147;1740;226;18;40;65;83;49;;;3;41;12;;6;4;7;6;;;4;114;24;;;;6;3;;;;21;20;6;;13;7;;;;;85;24;;6;5;10;5;;4;7;197;95;17;29;84;32;33;;9;26;414;89;4;8;43;32;25;141;22;24;;
Houston-The Woodlands-Sugar Land, TX;541;Professional, Scientific, and Technical Services;480;101807;1999;18261;5543;788;1228;2011;789;754;162;7425;568;8792;1004;373;4572;143;51;333;127;3133;45;1676;904;59;463;677;283;229;76;458;31;1902;325;70;2054;85;65;47;127;468;156;3160;1972;91;697;3219;434;731;82;958;39;1906;343;65;2461;150;61;137;242;520;469;5930;521;90;236;183;80;23;17;1882;95;3047;269;19;396;12;13;13;15;599;6;85;308;6;10;55;8;8;3;31;;53;21;;46;8;3;;3;18;;65;29;;12;22;8;7;4;22;;32;7;;17;;;4;;4;19;387;142;12;49;58;18;45;9;100;6;284;27;18;154;9;5;45;14;59;141;9;10;;
Houston-The Woodlands-Sugar Land, TX;561;Administrative and Support Services;267;64527;624;2782;405;515;1115;1023;627;634;2372;1677;186;1723;116;461;2474;45;103;142;1574;877;127;393;154;264;971;347;646;1477;4502;377;11;614;138;541;3786;64;260;483;5506;379;146;552;271;118;592;3690;1517;2492;3123;446;33;510;50;157;1401;97;177;693;3742;233;18;561;53;29;212;25;31;103;255;143;;429;23;42;206;;6;38;76;80;;23;6;;14;17;6;;18;13;;9;;5;31;;3;;38;8;;23;4;;45;;5;;17;10;;13;;5;25;;;;33;6;4;93;24;16;140;22;31;58;170;41;;75;7;46;284;;7;26;166;33;141;22;20;;
Houston-The Woodlands-Sugar Land, TX;622;Hospitals;137;107699;235;4005;1679;28;227;250;64;39;665;1212;229;18515;4290;76;2158;10;9;10;1096;2709;15;1708;1530;20;429;113;166;67;1622;314;26;8817;4741;70;4457;16;71;12;4594;1125;21;1261;1305;14;350;253;92;82;1046;320;18;4751;3010;43;2984;9;26;19;2787;512;18;3315;1440;9;153;80;48;11;506;257;12;9805;1930;16;420;;83;;547;530;;24;24;;;4;;3;8;10;;123;42;;19;;;3;17;17;;110;43;;13;;;;22;3;;281;49;;25;;;;19;18;3;132;90;;18;;4;;40;28;;559;188;;121;;6;;75;43;141;13;27;;
Houston-The Woodlands-Sugar Land, TX;722;Food Services and Drinking Places;639;57774;153;193;35;48;74;36;6;79;5434;1168;40;204;6;82;273;6;11;101;7234;662;26;54;8;36;23;37;35;74;4896;312;20;41;;92;88;19;21;33;5785;297;53;86;23;72;34;45;88;249;12926;639;45;58;6;110;183;32;51;105;11448;422;5;27;;5;8;3;7;;502;101;;29;;11;19;;;;605;47;;;;;;;;;69;11;;;;;;;;;91;6;;;3;;;;5;;65;4;;;;;4;;;;85;3;5;4;;5;3;;;6;665;63;;5;;6;8;;;7;799;33;141;33;44;;
Kansas City, MO-KS;541;Professional, Scientific, and Technical Services;187;52382;1070;15260;1874;949;1407;238;427;39;82;4109;388;8813;618;598;4176;9;140;32;76;2334;9;744;135;34;218;21;175;26;15;136;14;689;63;21;849;;85;4;6;110;16;577;71;34;99;31;55;65;4;122;10;325;34;24;278;;10;11;4;62;41;1838;87;17;61;4;21;;;183;20;867;47;15;132;;9;22;;82;4;53;10;;8;3;;;;9;3;42;3;;30;;;;;11;;24;5;;9;;;;;6;;34;;;22;;;4;;4;4;289;25;16;51;11;4;;;42;6;169;12;20;126;;;;3;18;141;31;32;;
Las Vegas-Henderson-Paradise, NV;721;Accommodation;140;158325;739;861;618;1025;1338;3082;763;674;18113;3660;331;572;116;1573;3465;315;278;200;14520;2221;35;136;45;189;310;240;152;241;5119;376;30;82;7;442;1157;9;64;78;5499;395;70;267;134;259;690;1083;595;1170;20887;1065;66;217;32;944;2190;107;368;621;22854;1160;48;207;91;180;521;337;213;198;8889;634;53;210;14;900;1512;54;95;77;10573;685;;3;13;6;21;24;7;11;300;30;;6;;30;73;3;7;9;257;13;4;30;17;32;98;70;40;37;1064;123;5;29;;99;301;5;4;11;751;124;16;88;37;87;174;132;51;75;1806;196;14;49;6;191;396;19;20;22;1769;175;141;5;4;;
Los Angeles-Long Beach-Anaheim, CA;336;Transportation Equipment Manufacturing;153;57858;469;9801;1325;234;515;1890;827;225;73;3174;77;2775;168;30;795;107;123;17;7;727;15;573;221;;121;272;270;68;42;182;4;368;45;7;200;21;58;10;8;76;39;2087;1407;29;812;3173;3772;1644;215;738;6;902;389;19;1004;306;1186;542;83;213;67;4227;814;14;265;1168;1004;460;16;752;10;1627;186;14;306;85;286;120;4;329;;46;17;;5;28;13;3;;21;;22;4;;11;4;;;;6;;94;46;;32;60;62;42;5;28;;31;6;4;22;9;14;14;;8;3;359;83;4;53;74;51;10;6;65;;133;13;;49;9;6;4;5;24;141;10;15;;
Los Angeles-Long Beach-Anaheim, CA;424;Merchant Wholesalers, Nondurable Goods;191;60846;412;1245;109;7189;454;1010;795;332;42;2209;116;1607;17;9523;1111;60;34;238;7;1496;11;181;20;1066;89;167;294;195;11;152;9;341;4;1950;235;7;15;63;;132;63;423;149;2589;690;596;5120;3408;185;888;25;575;47;1807;1754;69;877;1325;81;476;126;522;121;645;259;130;218;155;9;430;47;593;22;374;541;52;52;43;44;336;;9;;46;4;17;14;6;;10;;13;;85;11;;3;;;5;;24;4;47;19;22;34;17;;20;;23;;44;32;3;;4;;11;8;68;9;264;37;43;50;95;7;78;;110;4;410;100;6;8;116;;76;141;16;17;;
Los Angeles-Long Beach-Anaheim, CA;445;Food and Beverage Stores;838;88526;133;268;23;7101;231;75;984;840;1176;1048;46;284;90;6607;509;5;205;616;715;545;;24;3;1716;19;11;366;194;267;132;3;18;11;1740;75;;59;174;216;73;66;174;64;14126;729;203;3925;2019;4916;2055;20;161;95;13687;1184;27;1307;1354;3519;961;59;152;29;1849;113;11;250;334;1747;302;31;278;40;1834;237;4;38;104;827;175;;3;;128;4;;19;13;31;10;;3;3;114;7;;11;18;20;5;5;;;158;9;;17;16;67;8;;3;;105;10;;4;11;24;4;3;5;;895;10;;26;60;85;30;;15;;800;39;;11;37;44;18;141;10;18;;
Los Angeles-Long Beach-Anaheim, CA;452;General Merchandise Stores;525;95371;29;88;111;4423;982;148;278;841;734;799;23;221;225;9310;1168;97;129;617;842;977;;10;30;1660;715;49;104;423;386;160;;25;64;3471;621;8;35;249;348;199;29;107;258;9688;2745;361;1460;2763;2614;1025;6;134;508;21168;3406;48;439;2219;2795;1003;3;134;100;1665;438;48;129;277;336;182;5;218;164;3292;377;41;37;201;274;220;;;;69;34;4;4;15;11;11;;3;5;163;28;;;12;16;11;;3;10;173;56;7;16;36;34;21;;5;6;291;68;;7;23;33;32;20;18;5;522;195;17;39;151;92;72;11;32;16;986;200;3;11;86;91;71;141;10;11;;
Los Angeles-Long Beach-Anaheim, CA;524;Insurance Carriers and Related Activities;255;57508;719;4189;435;1062;1517;;7;;11;2120;423;6508;421;757;4190;;;;10;2377;20;459;71;84;497;;3;;3;146;24;1128;142;112;2147;;;;;357;58;1432;205;380;1835;6;10;;13;512;44;2678;203;469;5694;;;;3;785;81;2630;231;159;860;;;;;788;72;2917;164;177;1858;;;;;762;;30;3;;24;;;;;11;;52;;11;49;;;;;10;;85;9;17;96;;;;;32;5;158;9;10;227;;;;;43;8;250;35;47;179;3;;;4;79;5;347;51;46;507;;;;;82;141;19;50;;
Los Angeles-Long Beach-Anaheim, CA;541;Professional, Scientific, and Technical Services;840;158190;2845;25237;2604;2958;3480;718;383;395;464;8971;1122;13228;740;2582;7887;39;64;153;416;5010;51;1734;293;663;698;155;131;111;205;416;65;1576;158;542;1957;16;71;27;95;421;232;5017;1630;811;2015;558;692;1698;679;1339;204;3393;482;852;5157;91;284;665;662;919;520;13278;1131;276;1276;93;204;129;66;3268;227;7741;491;235;2475;30;75;123;83;1846;6;121;54;29;29;14;5;8;5;32;;98;14;36;51;;;7;7;21;11;257;79;21;74;9;13;14;13;77;12;167;30;20;154;;11;16;5;48;167;1258;170;202;264;59;36;1303;250;256;102;1002;49;234;637;12;21;545;214;207;141;6;4;4;91
Los Angeles-Long Beach-Anaheim, CA;561;Administrative and Support Services;511;130178;716;2112;478;782;3402;396;761;896;5800;1704;348;2151;386;749;5687;37;174;331;1516;1391;25;310;132;318;1267;119;572;1035;7710;197;24;618;231;608;4305;21;198;602;5265;190;96;735;606;418;2504;1240;3972;12884;13879;869;55;1066;404;420;5434;118;1917;6940;8143;651;100;896;275;171;992;55;181;271;1651;327;51;936;200;177;1566;23;129;113;373;335;;12;12;4;37;9;19;20;135;6;;17;4;5;73;;;9;41;;7;43;17;15;74;18;28;51;221;25;3;47;11;15;193;4;21;28;86;38;47;228;50;79;426;18;219;280;793;68;25;205;27;71;850;6;33;140;457;65;141;6;5;;
Los Angeles-Long Beach-Anaheim, CA;621;Ambulatory Health Care Services;367;88827;369;3121;1901;148;692;196;156;21;368;950;308;7387;3054;213;3354;10;30;;1532;1946;14;418;495;11;332;32;67;6;416;137;36;1760;1198;24;1878;3;13;;1265;440;69;1057;1998;55;1448;248;289;147;1346;419;77;3521;3612;88;8032;5;85;62;5217;951;68;3404;1817;15;659;87;116;5;600;468;84;8205;2573;13;1688;;18;3;919;766;;23;22;3;5;3;;;7;9;;71;45;;69;;;;37;17;5;166;165;;70;10;8;;57;33;4;340;124;3;178;;;;115;47;5;189;241;9;135;9;25;;100;49;18;545;442;14;498;;6;;253;100;141;18;19;;
Los Angeles-Long Beach-Anaheim, CA;622;Hospitals;163;159119;365;3982;2163;10;1039;250;82;45;1083;1355;463;20161;3761;19;8410;21;18;29;1919;3581;26;728;622;6;577;58;48;91;892;168;48;3163;1165;21;4096;4;25;54;1667;535;72;2051;2848;5;1991;472;203;263;4486;545;62;8124;4028;28;9968;14;117;141;8702;1089;91;6137;2976;;859;152;59;74;1659;542;91;21465;3811;10;2600;8;26;48;2399;1244;;45;38;;16;3;;;27;4;3;153;71;;75;;;;49;27;4;343;229;;75;8;9;9;89;28;8;912;164;3;197;3;18;;117;60;19;481;219;;134;5;8;11;181;63;21;1391;347;;688;;3;7;392;144;141;8;14;;
Los Angeles-Long Beach-Anaheim, CA;623;Nursing and Residential Care Facilities;380;55321;219;463;202;47;150;55;40;52;556;262;189;1583;658;120;744;3;33;72;1717;724;57;246;147;7;75;6;38;33;738;80;38;570;470;13;231;;45;150;2682;204;71;368;413;17;223;161;116;390;4171;342;60;1385;1291;42;1409;6;189;572;13391;566;42;767;889;5;190;13;39;108;1651;197;82;2230;2158;16;540;;41;125;3361;579;;8;5;;;;;;14;;4;25;27;;8;;;;82;6;12;167;148;;36;5;;8;251;35;26;339;289;;84;;;68;421;71;9;55;50;;18;;10;24;131;24;9;163;121;7;93;;6;34;415;56;141;22;21;;
Los Angeles-Long Beach-Anaheim, CA;713;Amusement, Gambling, and Recreation Industries;197;64179;291;1613;421;502;510;1078;344;423;5847;1691;90;1540;124;1220;1157;278;109;132;6157;1000;23;160;32;137;58;97;29;58;950;89;3;119;16;179;160;28;15;16;816;69;38;418;166;509;387;888;449;852;8153;501;14;336;82;1335;920;194;86;136;8558;354;40;384;66;335;196;146;152;68;2790;313;18;382;23;584;274;60;98;21;2915;238;;7;3;4;4;10;4;19;71;12;;14;;16;3;;;;71;5;3;41;6;15;15;17;7;8;206;23;;36;4;29;30;;;11;202;13;6;118;14;59;61;56;23;42;565;54;;87;7;134;126;26;9;14;752;49;141;8;10;;
Los Angeles-Long Beach-Anaheim, CA;722;Food Services and Drinking Places;1083;109785;523;221;40;103;160;61;44;514;9976;1576;239;297;;211;433;4;6;538;11097;978;25;31;5;21;33;15;26;275;2737;138;20;30;;49;109;5;3;205;2888;99;164;181;64;272;235;189;429;3434;30694;1652;82;140;10;465;538;63;105;1896;21941;845;108;176;27;58;97;269;59;165;2180;472;44;183;3;34;276;71;32;117;1855;370;6;;;;;;;;165;16;;;;;4;;;6;191;13;6;21;5;4;12;3;;25;555;50;4;26;;9;47;;;30;511;30;35;18;4;17;12;6;6;66;1773;116;13;18;;39;53;;4;54;1986;84;141;12;21;;
Miami-Fort Lauderdale-West Palm Beach, FL;445;Food and Beverage Stores;367;52326;15;145;6;5586;40;93;704;105;141;827;4;171;;5474;72;;333;44;76;377;;26;;6305;44;53;1177;374;320;398;;44;;7134;43;3;407;133;211;200;5;88;7;7054;49;90;1101;352;276;625;4;128;3;8018;81;14;451;186;324;313;;35;;439;;4;34;9;15;41;;47;;563;4;;18;4;7;17;;;;53;;;8;;;3;;;;56;;;3;;5;;;;;54;;;6;;;;;;;69;;;5;;3;;;6;;239;;;17;3;46;10;;5;;193;;;8;;18;5;141;20;50;;
Miami-Fort Lauderdale-West Palm Beach, FL;452;General Merchandise Stores;292;52601;9;81;76;1579;432;69;183;249;338;431;5;127;147;4049;661;34;93;223;348;526;;24;58;3029;2397;127;271;782;683;291;;59;181;8557;1878;13;258;601;765;315;4;49;66;3040;1189;122;455;666;745;483;3;121;211;9399;1592;50;308;586;758;508;;19;10;192;60;6;16;32;39;23;;24;14;604;82;3;19;32;46;31;;;;17;10;3;;4;10;;;;;61;6;;;3;;4;;;;32;19;;;5;15;;;;;64;21;;5;6;5;;;4;;115;53;6;12;29;24;23;;9;8;312;53;;3;31;24;24;141;25;30;;
Miami-Fort Lauderdale-West Palm Beach, FL;541;Professional, Scientific, and Technical Services;249;51127;689;5284;585;1013;2417;117;69;27;165;1903;216;3241;241;714;6018;;8;12;252;1213;24;632;171;191;1201;55;108;31;84;190;18;854;99;222;4111;;9;10;53;190;228;2548;446;281;1234;169;154;62;97;937;91;2140;145;205;3341;27;43;51;129;809;23;797;48;22;789;;6;;3;253;12;447;40;18;1346;;;3;;83;;19;;7;29;;;;;9;;11;3;12;47;;;;;;;15;4;3;21;;;;;6;;11;;4;53;;;;;6;8;184;26;53;221;3;7;;13;68;;156;8;36;537;;;;9;51;141;23;35;;
Miami-Fort Lauderdale-West Palm Beach, FL;561;Administrative and Support Services;284;79633;614;1600;494;679;908;227;488;372;2486;1233;284;3340;338;710;2379;34;110;122;900;859;22;506;218;189;1889;429;678;1827;7238;408;24;2112;444;280;5397;14;400;610;5443;404;149;1171;334;376;1718;718;955;2611;6750;962;80;1764;169;258;2988;59;337;1155;4966;624;26;260;22;24;65;10;38;16;123;60;10;449;26;18;158;4;6;9;37;51;;6;3;;9;3;8;6;16;6;;16;;;22;;;3;16;5;;67;18;6;24;;;7;17;7;;68;16;10;31;;3;;12;4;21;118;53;57;290;4;356;42;467;51;7;156;17;45;527;;271;42;379;45;141;11;14;;
Miami-Fort Lauderdale-West Palm Beach, FL;622;Hospitals;84;63243;99;2192;846;13;260;128;38;9;323;525;117;8128;1576;26;1773;3;3;;516;1397;7;970;867;;219;44;36;15;1103;139;23;5306;2084;8;1890;6;6;3;2981;508;36;2859;2114;4;578;241;82;26;1128;477;55;7648;2906;27;3407;12;;8;1694;1060;6;670;209;3;43;7;5;;80;53;8;1890;223;4;132;;;;103;142;;21;11;;4;;;;5;;;44;13;;13;;;;9;4;;18;8;;4;;;;5;;;69;7;;9;;;;8;;;109;38;;13;;;;37;12;;349;92;;98;;;;61;34;141;21;40;;
Minneapolis-St. Paul-Bloomington, MN-WI;524;Insurance Carriers and Related Activities;155;64709;674;10361;325;930;2617;30;36;13;43;4134;461;17530;1791;553;8715;;11;;140;5229;6;472;33;15;246;;4;3;8;75;5;1116;131;15;1204;;;;33;169;15;282;9;23;124;;;;;92;3;564;38;12;475;;3;;3;117;17;1287;79;13;194;;4;4;3;349;13;1392;171;20;666;;;;29;254;;39;;6;11;;;;;13;;73;19;4;62;;;;;16;;20;3;;;;;;;9;;23;3;;10;;;;;;6;172;8;14;66;;;;;52;3;309;30;7;269;;;;3;55;141;21;48;;
Minneapolis-St. Paul-Bloomington, MN-WI;541;Professional, Scientific, and Technical Services;279;71852;1658;16999;2419;2731;1367;651;650;356;501;5752;700;11406;1149;1757;5094;21;323;193;505;3876;23;524;85;139;73;27;251;988;192;94;10;410;26;75;214;3;106;116;320;65;32;390;58;103;48;27;65;267;168;126;10;349;25;71;130;;86;321;107;75;100;2247;201;48;96;54;460;233;44;461;27;1140;108;43;202;3;322;225;45;230;3;43;18;12;6;6;6;4;18;13;;57;3;9;29;;5;7;12;7;;18;;4;3;;;;;5;;20;;3;11;;;;;5;6;218;33;45;24;;13;25;57;28;3;186;9;34;85;;4;14;90;44;141;11;17;;
Minneapolis-St. Paul-Bloomington, MN-WI;622;Hospitals;95;61274;162;3999;1949;6;505;299;144;40;1428;702;215;22730;6011;27;5214;6;13;21;4083;2094;;374;345;;96;3;29;16;938;35;;825;419;;584;;3;5;1718;56;;73;49;;29;5;10;34;144;15;;284;139;;166;8;;62;270;18;3;302;125;;59;7;10;62;434;19;3;1002;340;;387;;;59;733;40;;16;8;;4;;;;26;;;88;34;;51;;;;77;10;;4;8;;;;;;12;;;30;9;;12;;;;11;;;65;41;;19;;3;;52;7;;263;113;;141;;;;138;21;141;26;47;;
New York-Newark-Jersey City, NY-NJ-PA;325;Chemical Manufacturing;274;103580;2246;6962;605;7689;614;1098;1325;275;76;8925;1207;8465;332;10451;3572;47;578;72;21;8698;60;641;175;588;139;191;976;323;48;496;67;1007;83;731;626;11;269;65;10;621;121;831;228;622;242;673;2425;913;111;782;73;1145;196;1176;845;81;2604;846;63;885;396;3664;308;289;196;228;1344;258;14;2077;195;3761;182;457;389;8;493;266;10;2005;6;17;5;41;3;13;46;6;3;26;4;22;;44;9;;17;12;;14;13;33;6;22;7;8;22;12;;28;3;59;;39;19;;20;46;;25;22;117;29;118;15;13;72;18;;117;11;176;9;185;66;;23;;;140;141;12;11;;
New York-Newark-Jersey City, NY-NJ-PA;424;Merchant Wholesalers, Nondurable Goods;278;56556;972;1598;241;5543;746;229;1975;1145;105;3878;420;2531;55;4446;2579;52;149;254;53;3010;14;169;88;563;245;61;1519;1530;147;332;12;321;8;527;550;6;59;96;12;226;59;277;108;1385;476;256;3148;3218;234;763;26;452;14;1035;1018;47;263;1168;69;414;73;424;48;327;163;54;119;300;9;475;38;783;22;229;494;88;86;99;7;522;;;;24;7;;16;23;;9;;6;;28;13;;;;;3;;19;4;19;5;;10;18;;8;;15;;13;4;;;3;;13;7;55;4;103;29;10;77;171;11;71;;98;;107;89;;8;101;;79;141;20;23;;
New York-Newark-Jersey City, NY-NJ-PA;445;Food and Beverage Stores;731;112617;377;901;85;7093;1313;1185;4378;5991;8244;2827;154;1025;71;6847;1514;457;4579;4138;7426;1413;7;173;13;2652;194;165;1674;2515;3517;337;4;201;7;2703;316;91;1790;1161;2618;186;27;147;124;2479;328;415;1902;4407;4285;732;9;168;27;2046;458;131;1216;2059;3037;246;19;155;24;627;144;41;344;504;671;177;5;252;28;668;166;16;239;211;587;114;;;;60;3;;14;28;71;10;;4;;69;6;;30;23;54;9;;9;;27;14;18;85;178;52;7;;8;;22;6;12;118;166;47;6;14;31;;175;22;14;93;177;468;44;;35;;239;14;6;103;85;331;26;141;7;14;;
New York-Newark-Jersey City, NY-NJ-PA;448;Clothing and Clothing Accessories Stores;469;57604;508;792;49;1938;500;127;21;331;94;1481;506;2222;51;4912;1728;162;39;247;106;2846;20;161;37;3951;393;28;79;585;210;210;35;263;38;7110;604;11;23;454;120;318;29;287;158;3855;446;89;77;615;281;342;30;371;146;6864;721;69;49;951;146;475;50;286;19;837;164;40;10;91;41;284;72;554;14;1701;363;76;27;114;25;510;;3;;43;;;;7;;6;;5;;97;8;;;6;3;7;;10;7;68;13;;;15;;16;5;24;;151;12;5;;9;;15;10;40;7;631;50;4;6;32;24;87;8;98;;1139;143;5;3;30;26;123;141;14;18;;
New York-Newark-Jersey City, NY-NJ-PA;452;General Merchandise Stores;677;132761;177;588;246;7168;2053;353;868;1676;1296;1976;170;1916;440;19996;3121;187;502;1247;1224;2907;7;114;80;6938;2579;123;605;2171;1543;595;12;272;182;16058;2158;21;211;1660;1396;770;18;140;74;5270;1523;171;904;1658;1278;663;16;291;200;13740;2095;49;372;1839;1415;787;6;195;59;2058;388;32;103;364;216;286;14;460;89;5044;487;48;48;351;224;410;;;3;108;28;;10;26;14;7;;3;;348;31;;3;37;26;19;;;3;96;28;;8;10;6;6;;9;3;231;13;;3;4;12;14;;30;11;420;167;16;19;132;92;59;4;81;14;1097;182;;11;134;79;99;141;14;13;;
New York-Newark-Jersey City, NY-NJ-PA;519;Other Information Services;157;57949;829;11139;695;2381;755;54;99;;109;4190;326;7579;335;1945;1614;8;239;;66;2943;19;822;219;143;330;39;66;3;286;224;18;1307;431;114;930;;92;;147;328;17;1028;162;186;288;33;67;9;190;297;13;823;109;222;597;5;64;;59;260;112;4836;264;237;220;9;19;;46;1126;35;2936;134;255;455;;20;;16;564;;8;;;5;;;;;11;;7;;4;9;;12;;;6;4;38;10;4;8;;;;;10;;17;;4;12;;3;;;10;10;359;27;54;48;;7;;6;89;6;316;15;66;110;;26;;;66;141;25;34;;
New York-Newark-Jersey City, NY-NJ-PA;522;Credit Intermediation and Related Activities;364;115975;3519;18256;375;3097;2971;26;41;8;205;12261;1118;9725;125;1225;7217;;6;;68;7770;87;1609;59;170;757;;7;3;88;761;73;1865;34;155;2931;;7;;28;1023;175;2140;59;344;891;10;21;10;137;1053;58;2026;37;222;2712;;7;;77;1054;505;8639;425;380;927;;32;;25;3957;150;5468;162;267;1630;;34;;8;2667;4;38;;10;7;;;;;16;;25;;;31;;;;;25;;53;;4;22;;;;;23;5;72;;7;48;;;;;29;26;417;10;53;110;;;;4;154;15;294;6;31;286;;;;4;143;141;24;40;;
New York-Newark-Jersey City, NY-NJ-PA;523;Securities, Commodity Contracts, and Other Financial Investments and Related Activities;358;120015;4932;27162;289;6378;2363;6;39;6;61;13499;915;10965;129;1255;4946;;4;;13;4962;73;1761;38;169;598;;7;;25;558;33;1480;26;37;1669;;;;6;478;159;2464;47;359;530;;8;6;38;769;51;1489;19;116;1443;;;;10;451;518;10919;238;464;512;;11;;10;3596;131;5812;115;262;846;;;;3;1654;;136;;8;7;;;;;25;;26;;;10;;;;;9;4;108;;4;11;;;;;23;;60;;;19;;;;;17;40;559;12;58;67;;;;;171;13;370;6;23;177;;;;;102;141;18;49;;
New York-Newark-Jersey City, NY-NJ-PA;524;Insurance Carriers and Related Activities;386;100890;2698;12864;818;2209;2366;14;26;21;70;9009;949;14728;430;1226;8365;;68;;50;6437;81;1446;128;369;1132;3;8;20;48;535;102;3944;122;374;5519;;;9;33;1097;107;1412;107;426;801;6;9;7;28;635;65;2289;99;630;2807;;;;32;761;229;2702;220;304;514;;4;;4;1573;101;3078;90;385;1144;;;;6;1230;;44;;5;16;;;;;13;;44;;;56;;;;;17;;51;9;;34;;;;;28;;63;;3;17;;;;;22;6;272;4;29;108;;;;;95;7;367;8;33;293;;;;;101;141;22;45;;
New York-Newark-Jersey City, NY-NJ-PA;541;Professional, Scientific, and Technical Services;1570;353948;10330;58215;4930;5691;8095;583;928;436;701;27493;4570;42828;2309;4596;21432;58;188;236;686;20733;233;4994;1197;560;3100;112;503;638;780;1555;225;5675;505;652;7590;11;99;540;451;2077;417;6128;1196;550;2757;156;533;485;770;2325;271;5790;581;589;6825;48;163;350;651;2147;2454;24754;1536;660;1732;21;147;108;124;8985;785;16042;846;311;3007;9;78;83;139;4902;12;148;20;10;39;;7;11;6;56;10;131;15;22;84;;3;4;;48;35;287;35;16;36;;6;7;10;84;11;185;20;28;89;;3;;6;71;96;1502;159;136;344;16;45;84;236;501;69;1497;81;108;903;3;12;51;79;476;141;5;6;;
New York-Newark-Jersey City, NY-NJ-PA;561;Administrative and Support Services;700;191861;1544;5457;1247;3430;2923;885;1156;2634;11909;5566;754;6429;388;5674;6793;167;231;1937;3814;5455;65;940;497;718;1822;290;1401;3023;23136;824;47;1878;471;1295;3737;77;782;2147;10307;835;132;855;517;541;1376;679;2437;5719;15549;1029;61;1263;249;1009;2788;147;2256;5204;8435;869;116;1585;166;214;557;55;293;307;2804;825;60;1783;102;355;1001;21;203;204;689;781;;19;7;10;38;;26;40;575;21;;24;6;17;38;;15;33;146;21;9;44;27;12;36;7;17;39;282;45;4;58;10;28;44;;14;20;48;32;14;153;71;91;168;11;94;272;1463;102;16;186;57;193;364;10;50;221;460;128;141;4;5;;
New York-Newark-Jersey City, NY-NJ-PA;611;Educational Services;293;54721;568;7277;158;353;658;218;71;215;1155;1154;695;15290;89;623;3227;17;39;136;2459;1961;38;842;45;51;245;50;30;181;919;146;72;1940;12;124;904;3;7;191;1154;303;27;719;48;55;228;58;28;302;577;112;45;1684;10;108;968;3;8;117;829;206;29;783;13;63;144;3;;10;167;102;35;1348;8;96;370;6;;8;262;149;;13;;5;;;;;3;;;49;;;17;;;;9;8;;15;;;8;;;4;6;3;;47;;;10;;;;14;3;6;207;3;17;44;;;11;36;28;11;459;;24;122;;;18;80;70;141;23;31;;
New York-Newark-Jersey City, NY-NJ-PA;621;Ambulatory Health Care Services;712;189139;771;6070;2351;356;1272;199;304;166;1448;1753;666;13820;4340;597;8558;12;46;499;10124;3167;63;986;1345;45;878;113;386;251;3134;297;142;4504;2745;83;4534;24;80;1199;32727;967;77;878;982;73;1111;112;281;157;1395;367;102;2417;1846;102;5842;15;69;1694;35985;780;69;2418;977;25;622;35;116;32;625;377;69;3815;1393;41;1498;;42;127;5317;495;;35;17;4;9;;;;26;6;;84;24;5;53;;;;330;15;3;61;42;;29;;9;3;31;8;;134;54;;76;;3;;491;18;13;127;71;5;80;5;11;3;107;30;19;336;148;15;352;;5;1358;1388;82;141;14;16;;
New York-Newark-Jersey City, NY-NJ-PA;622;Hospitals;271;358592;1404;18831;6570;10;2064;1979;304;227;5622;4599;1291;70214;12851;71;17374;105;29;38;9141;9489;85;4022;3925;8;2525;656;362;481;10543;950;169;18381;7779;75;12653;77;163;159;17628;2375;97;3002;2845;6;2146;593;274;384;5841;929;85;10138;5052;34;10544;78;70;119;7947;1698;168;9810;3167;4;989;204;59;50;1802;975;144;26252;3897;12;2903;25;9;12;2376;1454;;65;51;;30;10;;3;81;16;;241;87;;142;;;;128;35;;204;80;;53;3;;3;109;19;3;620;239;;131;;;;132;34;12;598;238;;163;30;10;13;291;85;13;1412;422;;662;7;;;539;142;141;13;19;;
New York-Newark-Jersey City, NY-NJ-PA;623;Nursing and Residential Care Facilities;659;140954;681;2088;585;41;480;436;209;379;3588;1231;837;11288;2983;218;3845;105;139;375;10544;3408;118;1729;728;16;299;195;150;638;9194;558;176;7796;4507;60;1983;61;280;1604;33693;1577;47;564;147;12;192;172;93;336;2976;281;80;1939;657;34;1290;31;62;346;7308;459;38;1063;230;7;129;73;28;178;1412;151;74;4008;605;10;459;7;24;150;2783;551;;21;6;;;5;;12;69;7;;87;20;4;34;;;42;198;12;3;69;20;;13;9;;3;137;9;7;257;49;;32;;;7;300;33;4;99;11;;14;11;5;10;209;18;11;365;93;3;99;;;19;625;52;141;13;15;;
New York-Newark-Jersey City, NY-NJ-PA;624;Social Assistance;421;79204;492;1353;147;13;528;120;99;324;2391;714;717;6829;179;30;2165;11;67;164;7182;1898;74;1030;178;9;715;58;121;394;4238;431;172;4017;388;13;2323;18;25;195;13124;1119;55;681;77;9;582;59;87;334;1652;288;81;2977;120;22;2338;7;33;163;8214;657;33;264;31;6;118;6;16;34;317;89;37;816;15;5;406;;3;37;2658;195;;8;;;5;;;3;24;;;33;3;;17;;;4;51;5;;23;;;9;;;4;17;4;;28;;;20;;;;48;8;10;78;3;;41;;;24;145;22;10;279;19;3;177;;;9;400;62;141;21;27;;
New York-Newark-Jersey City, NY-NJ-PA;722;Food Services and Drinking Places;850;100437;393;229;33;197;205;253;137;354;11645;1838;144;195;4;331;519;80;25;288;14149;1046;16;51;13;171;94;213;295;557;9788;373;16;33;;601;213;80;48;220;9282;279;37;101;13;217;205;306;411;1171;18992;706;23;52;;450;310;112;110;738;12070;306;18;34;6;84;43;63;74;96;2713;205;11;31;;142;98;39;28;62;1622;109;;;;3;;;7;5;172;11;;;;11;9;;;3;146;10;;4;;;38;4;6;24;521;12;;3;;8;26;8;;11;571;7;8;6;3;32;12;17;8;73;1075;70;;10;;27;24;10;;52;1116;49;141;9;22;;
Orlando-Kissimmee-Sanford, FL;713;Amusement, Gambling, and Recreation Industries;36;90140;216;2211;1456;778;1969;1974;2267;408;11805;3741;114;2092;271;1931;4063;551;774;251;13165;2736;10;146;76;81;167;242;445;137;3886;280;;108;15;236;474;77;349;18;5405;232;14;386;243;298;463;738;818;205;5859;548;6;315;42;874;1033;231;452;70;6767;442;4;129;26;47;76;83;90;9;694;158;4;123;3;147;182;18;99;;778;108;;7;10;7;6;10;6;5;68;7;;7;;10;16;3;11;;96;11;;20;3;;4;3;7;;65;6;;8;;6;9;;3;;57;4;3;48;40;16;49;26;48;13;616;34;;35;5;37;90;17;15;4;781;37;141;12;14;;
Philadelphia-Camden-Wilmington, PA-NJ-DE-MD;325;Chemical Manufacturing;148;52047;763;7822;1416;4074;275;1102;1931;416;60;4759;283;6911;462;4535;1861;89;434;129;39;2878;22;405;230;290;53;128;541;141;27;278;20;648;106;350;230;36;190;59;24;215;31;323;49;313;18;51;183;20;12;189;4;294;28;325;73;16;96;23;11;129;87;1536;123;130;48;47;215;71;7;525;15;1288;104;190;77;26;121;90;4;348;3;18;5;31;;6;3;;;7;;10;;20;6;;;;;12;;12;3;13;3;;14;;;4;;12;;14;9;;4;;;5;6;74;7;44;4;8;19;3;;21;;62;15;30;20;;8;;;22;141;18;23;;
Philadelphia-Camden-Wilmington, PA-NJ-DE-MD;522;Credit Intermediation and Related Activities;181;50107;698;6849;244;1146;3388;9;130;22;21;4101;287;5693;100;492;7156;;94;;8;3265;13;788;19;119;1455;;70;;7;298;4;1166;21;72;4010;3;53;;;461;8;286;10;62;329;;19;;;117;7;300;10;34;783;;13;;;137;25;1724;121;37;330;;20;;;512;16;1064;42;19;510;;11;;;269;;14;;;8;;;;;10;;17;;;20;;;;;6;;18;;11;10;;;;;6;;11;;;10;;;;;3;;120;8;29;139;;6;;;40;;134;;17;334;;;;;38;141;21;55;;
Philadelphia-Camden-Wilmington, PA-NJ-DE-MD;541;Professional, Scientific, and Technical Services;510;94677;2270;20238;3088;1605;2016;677;467;218;413;7736;907;14929;1079;1394;7394;67;106;210;717;5040;46;1415;346;94;537;145;197;481;349;282;25;1822;231;118;1820;24;88;337;418;369;46;714;165;56;138;88;110;129;122;243;10;607;128;55;448;5;49;42;210;157;484;3900;334;58;180;8;44;16;23;985;85;2808;217;48;263;8;19;4;26;444;;31;11;5;5;4;4;3;4;15;;25;5;5;16;;;;;11;5;36;25;4;5;;;;;10;4;22;15;8;21;;;;6;9;10;251;39;17;49;5;13;72;21;52;5;288;23;26;157;;6;48;15;60;141;15;14;;
Philadelphia-Camden-Wilmington, PA-NJ-DE-MD;561;Administrative and Support Services;308;65106;1051;2766;738;693;2331;1087;620;774;3708;3185;461;2752;273;415;5724;110;264;571;2060;2255;43;325;202;64;1199;214;707;797;6788;433;23;648;204;55;3048;42;433;370;5964;364;28;142;76;30;296;304;383;885;2038;218;21;146;26;22;664;12;305;432;1938;128;30;319;68;12;203;20;32;34;150;132;20;324;44;10;286;;32;43;80;92;;7;5;;11;4;7;3;27;5;;18;4;;30;;;20;19;11;;19;7;;13;;;22;22;6;;7;;;18;;;;17;9;6;54;20;14;110;17;17;42;177;33;3;66;7;;234;;11;24;131;25;141;18;19;;
Philadelphia-Camden-Wilmington, PA-NJ-DE-MD;622;Hospitals;144;145787;406;9132;3412;20;881;910;157;123;2472;2071;399;43943;11493;56;10284;20;20;50;3885;5395;11;1163;1667;4;612;121;72;95;4101;277;27;6046;5008;77;5996;13;19;30;5931;870;3;395;308;;163;24;13;9;490;68;;1430;930;;1333;;5;3;826;191;20;1966;589;;65;16;4;5;260;106;6;4600;1029;;346;;4;3;367;190;;43;17;;5;;;;21;6;;142;51;;38;;;;28;7;;96;63;;8;3;;;28;6;;208;54;;17;;;;29;14;3;243;84;;31;4;;;108;21;3;588;233;;264;;;;215;44;141;26;33;;
Philadelphia-Camden-Wilmington, PA-NJ-DE-MD;623;Nursing and Residential Care Facilities;361;72546;263;1275;228;17;239;507;298;357;3477;740;352;6794;1866;166;2417;82;122;127;8905;1820;20;749;344;4;97;114;94;236;6566;293;45;2722;2350;56;1041;20;99;253;20074;726;6;53;11;;13;26;16;43;396;24;7;231;134;10;119;7;12;75;1343;61;4;168;43;;16;8;;6;256;23;8;863;145;4;70;;5;28;819;77;;11;;;;;;;21;3;;27;13;;5;;;;71;7;;22;7;;;;;;44;4;;51;6;;7;;;;118;7;3;34;7;;9;;4;7;166;11;6;128;53;;53;;;9;491;32;141;24;32;;
Phoenix-Mesa-Scottsdale, AZ;522;Credit Intermediation and Related Activities;117;54028;228;3803;614;841;4919;3;254;;16;2773;106;3516;264;385;9507;;140;;6;2657;6;276;34;129;1513;;29;;;232;4;353;17;69;2740;;20;;;242;14;611;87;218;3065;;63;;7;468;9;851;35;150;6253;;35;;;591;9;1045;165;31;262;;39;;;369;;499;78;23;631;;12;;;211;;24;3;8;95;;3;;;18;;36;6;7;302;;7;;;24;;11;;10;66;;;;;5;;21;6;;95;;;;;11;;94;24;52;495;;14;;;61;;115;6;28;774;;7;;;58;141;15;49;;
Phoenix-Mesa-Scottsdale, AZ;622;Hospitals;65;65562;361;4317;2078;7;614;232;94;82;1318;878;459;18536;4025;39;4566;10;93;10;2755;2470;4;287;287;;105;21;21;9;375;59;16;980;388;;517;3;10;3;670;88;25;611;687;;345;64;35;26;943;161;24;2430;1149;7;2216;4;22;7;2741;352;26;723;202;;47;11;;;158;44;12;2142;260;;165;;;;373;104;4;27;41;;27;5;4;;41;;;151;138;;183;;;3;223;22;;28;16;;8;;;;24;5;;67;34;;27;;;;31;7;3;126;107;;37;;11;;102;21;11;520;159;;179;;10;;186;46;141;25;33;;
Pittsburgh, PA;622;Hospitals;66;52352;120;3793;1608;13;431;740;127;51;1774;702;117;19389;4815;107;4773;34;63;43;5635;1872;;126;134;;90;22;36;5;682;23;;574;309;9;674;;19;;1506;49;;37;16;;6;5;;;29;5;;139;32;3;32;;;;66;5;;196;27;;6;;;;128;7;;358;61;;39;;;;132;18;;6;;;;;;;6;;;16;4;;10;;;;21;;;;;;;;;;;;;5;;;3;;;;5;;;27;9;;5;;;;42;;;131;38;;41;;;;133;6;141;32;65;;
San Diego-Carlsbad, CA;541;Professional, Scientific, and Technical Services;315;53542;1143;11685;1422;763;888;332;202;62;48;3628;448;6164;520;570;2565;7;58;18;65;1976;14;609;182;35;140;71;59;16;24;131;9;365;32;22;276;3;16;3;7;71;57;1620;509;96;351;236;201;205;75;355;31;1092;171;106;846;16;168;29;161;220;114;3599;700;70;264;161;150;18;37;648;55;2569;465;64;545;6;127;;15;441;4;60;19;7;8;6;;;;21;;33;4;;24;;;;;9;5;136;47;7;22;12;17;;;20;;129;15;6;72;;4;;;17;18;532;111;21;89;25;24;4;5;85;11;319;41;28;185;3;6;;7;69;141;13;17;;
San Francisco-Oakland-Hayward, CA;541;Professional, Scientific, and Technical Services;639;160584;3671;28395;2153;6839;2084;663;139;103;117;11942;1364;17509;904;3396;4560;13;41;37;114;6973;40;1173;212;309;363;54;54;16;41;330;31;1110;103;224;1144;;24;6;15;279;143;2626;621;435;587;173;139;70;62;770;83;1984;239;264;1289;8;57;25;79;534;831;17493;1179;837;1130;85;219;77;50;5270;387;13524;706;472;2261;18;175;40;25;3159;8;130;25;26;11;18;6;;;41;3;77;10;13;45;;;;;22;10;216;83;45;69;9;24;8;3;61;4;191;27;17;179;;24;4;;72;72;1293;163;228;183;23;18;5;7;318;33;1109;75;147;444;;4;5;9;286;141;10;10;;
San Francisco-Oakland-Hayward, CA;621;Ambulatory Health Care Services;201;52629;133;2851;1239;79;314;299;79;;254;696;83;7379;1572;81;1994;15;13;;886;1243;3;335;299;7;152;55;47;;473;78;7;1201;618;51;1338;7;11;;1072;275;20;367;419;7;203;130;43;8;307;80;13;995;713;14;1608;;5;;1410;225;37;2712;953;6;409;79;68;;623;383;31;6484;1614;39;1497;4;15;10;1386;664;;25;25;;5;19;;;14;5;;60;28;;36;;;;18;9;;55;87;3;42;7;13;;87;12;;204;116;5;168;;;;208;30;;222;157;;74;8;5;;155;52;3;508;271;5;451;;;;502;90;141;25;28;;
San Jose-Sunnyvale-Santa Clara, CA;334;Computer and Electronic Product Manufacturing;241;148154;2676;24145;4767;5245;574;216;184;14;48;9236;473;7843;1884;1091;1649;10;125;3;11;2850;37;973;935;204;81;17;53;5;6;245;13;407;1007;59;235;;23;;6;159;124;2284;1248;393;288;128;649;57;196;746;35;1153;499;121;820;27;440;31;247;347;1141;32531;2781;726;610;184;1816;71;54;6848;252;13538;1189;288;1206;113;1906;31;11;2342;10;93;47;19;5;;3;;;29;;45;18;7;9;;5;;;15;14;206;104;24;21;10;102;3;;58;;179;34;12;87;;111;;;43;22;573;277;96;48;11;27;;4;138;7;273;176;28;97;;7;;;59;141;18;18;;
San Jose-Sunnyvale-Santa Clara, CA;541;Professional, Scientific, and Technical Services;280;74702;1697;11682;591;2741;414;104;14;6;64;4135;452;4396;191;677;1382;4;18;;96;1806;29;456;60;62;54;7;9;;4;110;13;250;7;20;129;;6;;12;59;83;1122;162;190;161;48;32;16;28;340;23;668;77;73;554;;13;4;142;200;1204;18107;458;548;496;22;234;110;9;4549;258;8022;184;185;995;4;107;20;14;1679;4;61;7;6;3;;;;;20;3;29;;;10;;;;;4;8;108;22;9;27;3;;;;29;4;78;12;8;58;;4;;;28;30;388;21;60;37;8;5;;7;118;12;309;16;32;129;;;;3;65;141;19;25;;
Seattle-Tacoma-Bellevue, WA;541;Professional, Scientific, and Technical Services;375;65772;1421;16583;1952;1493;1155;666;369;242;67;4739;532;9137;906;701;3607;24;104;77;337;2769;14;512;86;63;87;38;56;45;22;94;6;303;52;29;182;5;73;31;22;64;35;821;102;75;101;41;47;62;10;130;24;455;81;34;240;;10;12;22;92;193;5598;315;168;190;86;56;37;9;1200;56;3170;218;76;485;16;36;23;35;480;6;62;12;3;3;9;4;6;;15;;49;10;4;28;;3;7;7;16;3;80;20;18;10;9;6;3;5;18;;56;21;9;40;;;;4;17;24;528;74;59;74;6;12;19;5;101;11;382;37;36;219;;3;11;19;77;141;6;9;;
Seattle-Tacoma-Bellevue, WA;561;Administrative and Support Services;170;54606;427;4397;589;441;1568;1749;997;1579;4472;1852;304;4487;236;669;3844;46;208;911;1473;1948;11;311;59;30;438;100;175;787;1700;128;10;297;37;63;1398;6;102;394;689;152;18;309;68;47;253;121;109;837;634;179;12;301;20;78;654;7;30;451;376;137;43;1376;95;44;235;64;159;295;532;321;18;1178;55;81;599;6;89;136;377;255;;49;7;3;16;26;21;68;67;11;6;45;5;12;62;3;6;28;41;10;;54;12;13;46;35;101;153;152;8;;56;9;29;128;8;62;175;77;15;12;195;31;25;501;38;29;275;350;56;5;180;15;40;1116;7;12;186;144;84;141;3;3;;
St. Louis, MO-IL;622;Hospitals;66;63097;220;4730;1491;3;413;514;38;35;1408;1091;269;22611;4295;61;4524;8;18;6;4187;2503;3;425;263;5;167;61;17;10;1453;85;17;1963;1047;45;1816;3;20;;3439;256;;141;25;;30;6;;;53;18;7;325;69;;144;;;;112;37;8;367;47;;11;3;;;58;29;3;748;113;;62;;;;194;38;;14;;;;;;;7;4;;44;6;;12;;;;11;3;;18;5;;;;;;6;;;32;15;;9;;;;14;3;;68;18;;12;;;;47;10;;246;65;;86;;;;119;28;141;27;50;;
Tampa-St. Petersburg-Clearwater, FL;622;Hospitals;54;54151;77;3393;2418;4;318;327;112;25;984;559;106;15663;4815;28;2568;7;19;10;1724;1508;3;378;588;;122;36;21;9;586;50;3;2044;1405;;943;;4;4;1439;132;3;555;608;;116;84;31;28;438;62;4;1777;1137;;715;3;3;3;769;89;;620;242;;26;10;9;;98;34;;1683;380;;117;;;;174;62;;15;6;;;;;;12;5;;59;30;;11;;;;25;3;;15;20;;;;;;6;;;46;34;;5;;;;20;4;;127;152;;30;8;4;4;94;10;;551;257;;105;;;;144;21;141;16;43;;
Washington-Arlington-Alexandria, DC-VA-MD-WV;541;Professional, Scientific, and Technical Services;1774;317150;6854;78204;5048;2959;4790;1088;601;271;1117;21457;2779;44932;2366;1906;12111;57;143;139;284;13310;396;13831;2128;280;2652;227;448;309;609;2231;293;12766;1000;164;7937;28;194;141;237;2535;250;5739;800;179;823;119;129;141;244;1117;118;3944;304;125;1780;11;49;168;107;744;1326;17829;939;216;785;66;93;28;79;3697;416;12508;433;152;1643;12;57;16;23;2174;32;305;40;3;18;8;4;4;17;78;6;190;18;5;89;3;;;3;48;21;315;54;12;55;13;17;9;21;54;6;220;26;10;100;;4;;;42;73;2473;269;72;243;24;35;28;79;391;41;2035;124;57;719;;9;13;18;388;141;4;6;;
Washington-Arlington-Alexandria, DC-VA-MD-WV;561;Administrative and Support Services;403;76890;584;3003;451;510;855;1021;303;552;3622;1989;238;4098;207;326;2030;47;66;137;1080;1290;76;891;367;153;993;560;527;826;11138;649;68;1160;471;108;2586;45;123;409;6952;543;57;391;168;41;247;356;233;2331;6282;552;34;421;51;19;538;48;36;1193;7511;253;42;597;69;36;275;74;28;52;632;185;20;566;39;23;431;4;10;27;195;140;;10;4;;15;4;5;4;52;;;23;6;;16;;;;31;7;;29;3;;23;8;;5;29;3;;28;;;26;;;;15;6;5;123;21;19;69;11;16;26;340;58;7;139;14;11;157;3;10;24;165;41;141;18;17;;
Washington-Arlington-Alexandria, DC-VA-MD-WV;622;Hospitals;70;73685;149;3013;1295;8;274;154;23;13;420;512;184;17429;3290;38;2132;3;34;9;1148;1502;21;1475;1946;17;667;147;130;16;1811;191;32;8112;3808;21;4271;7;125;15;3079;699;3;264;341;3;128;52;10;3;207;32;5;1225;803;3;819;4;13;;669;68;14;1280;743;;169;41;12;;204;71;14;4503;1059;5;479;;;;300;164;;19;15;;6;;;;6;;;82;41;;17;;;;22;5;;40;35;;6;;;;5;;;114;38;;34;;;;9;6;;101;72;;18;;;6;30;16;;497;193;;160;;;12;93;30;141;27;36;;
Washington-Arlington-Alexandria, DC-VA-MD-WV;722;Food Services and Drinking Places;577;53523;175;192;7;19;61;57;71;180;5037;1289;65;227;;86;238;8;13;174;6281;826;16;71;7;22;64;76;172;361;6134;383;11;102;;74;159;40;55;163;7571;273;17;51;;5;24;35;116;198;8078;382;6;46;;14;86;6;40;241;7456;222;14;61;;8;27;8;36;166;1154;173;7;79;;15;65;;7;156;1366;133;;;;;3;;3;;87;11;;;;;;;;;106;8;;;;;;;;3;77;7;;3;;;;;;4;95;6;3;8;;;5;8;5;13;740;63;3;8;;3;19;3;6;9;896;43;141;17;37;;
