NAC2_code;TOTAL_UNITS;TOTAL10;WHM1;WHM2;WHM3;WHM4;WHM5;WHM6;WHM7;WHM8;WHM9;WHM1_2;WHF1;WHF2;WHF3;WHF4;WHF5;WHF6;WHF7;WHF8;WHF9;WHF1_2;BLKM1;BLKM2;BLKM3;BLKM4;BLKM5;BLKM6;BLKM7;BLKM8;BLKM9;BLKM1_2;BLKF1;BLKF2;BLKF3;BLKF4;BLKF5;BLKF6;BLKF7;BLKF8;BLKF9;BLKF1_2;HISPM1;HISPM2;HISPM3;HISPM4;HISPM5;HISPM6;HISPM7;HISPM8;HISPM9;HISPM1_2;HISPF1;HISPF2;HISPF3;HISPF4;HISPF5;HISPF6;HISPF7;HISPF8;HISPF9;HISPF1_2;ASIANM1;ASIANM2;ASIANM3;ASIANM4;ASIANM5;ASIANM6;ASIANM7;ASIANM8;ASIANM9;ASIANM1_2;ASIANF1;ASIANF2;ASIANF3;ASIANF4;ASIANF5;ASIANF6;ASIANF7;ASIANF8;ASIANF9;ASIANF1_2;AIANM1;AIANM2;AIANM3;AIANM4;AIANM5;AIANM6;AIANM7;AIANM8;AIANM9;AIANM1_2;AIANF1;AIANF2;AIANF3;AIANF4;AIANF5;AIANF6;AIANF7;AIANF8;AIANF9;AIANF1_2;NHOPIM1;NHOPIM2;NHOPIM3;NHOPIM4;NHOPIM5;NHOPIM6;NHOPIM7;NHOPIM8;NHOPIM9;NHOPIM1_2;NHOPIF1;NHOPIF2;NHOPIF3;NHOPIF4;NHOPIF5;NHOPIF6;NHOPIF7;NHOPIF8;NHOPIF9;NHOPIF1_2;TOMRM1;TOMRM2;TOMRM3;TOMRM4;TOMRM5;TOMRM6;TOMRM7;TOMRM8;TOMRM9;TOMRM1_2;TOMRF1;TOMRF2;TOMRF3;TOMRF4;TOMRF5;TOMRF6;TOMRF7;TOMRF8;TOMRF9;TOMRF1_2;NAC2_Label;i;SUMCOUNT;MISSCOUNT;SMALLEST;INDEX
11;1408;321995;3311;7254;2369;4740;2561;5636;12178;15711;1552;10953;681;4500;1459;1823;7961;325;1955;6107;773;3672;50;257;178;76;173;583;3366;7026;429;411;9;254;144;61;466;41;937;3252;255;210;474;1150;1193;476;1293;4720;16571;97108;4268;3890;190;550;725;277;2987;719;5374;49692;2810;849;62;587;171;82;100;138;645;2426;164;379;24;434;153;50;276;40;227;1811;39;191;11;31;45;;25;138;254;407;31;102;6;23;19;9;63;13;43;153;13;33;7;29;9;9;15;55;177;444;21;30;;15;11;11;36;14;44;190;19;10;26;97;38;40;56;60;205;486;71;86;6;58;26;35;100;5;68;871;35;43;Agriculture, Forestry, Fishing and Hunting;141;4;2;3;84
21;1935;346103;5039;37459;14647;2088;3999;58589;43730;15476;868;35131;730;15434;2795;398;11603;968;1506;500;242;6139;49;1838;1159;24;375;3142;4114;1743;246;964;22;1688;380;16;1306;50;129;76;50;413;221;4318;3279;168;943;12978;12666;6297;365;3664;40;2471;566;49;2589;158;368;126;133;700;113;3830;377;31;116;421;392;106;28;1091;37;2075;138;13;266;17;48;14;11;435;24;389;247;16;98;1718;1197;385;13;375;4;231;75;3;256;77;136;50;19;62;;72;31;;20;156;127;52;;49;;46;;;27;3;6;5;7;12;27;561;207;15;85;576;470;290;12;299;6;322;71;10;214;13;32;11;8;94;Mining, Quarrying, and Oil and Gas Extraction;141;9;6;;
22;2564;466109;5883;64738;25510;1645;9568;87506;21627;6961;2600;44525;1555;27479;3941;893;27433;2205;1373;609;377;10566;209;5397;2315;147;2701;9280;3477;1512;625;3083;127;4924;640;133;10620;597;274;111;217;1736;166;6101;2533;164;2694;9309;3121;1851;313;2999;60;4135;417;86;6509;358;161;128;37;1133;153;6798;795;56;651;1515;413;137;45;1781;77;4349;179;32;1238;48;19;10;5;904;29;416;214;11;92;1202;252;105;26;281;11;223;46;8;348;81;43;11;;81;5;160;43;;45;213;109;33;4;69;;95;9;5;128;10;6;3;;24;34;939;282;62;261;887;370;221;45;373;13;600;63;22;682;28;20;9;4;148;Utilities;141;6;4;;
23;9254;1602496;26632;83888;37250;21458;24350;393797;91062;114587;6759;117024;3504;19714;2600;7782;60429;6917;3173;6261;1931;14572;282;3511;3479;1171;2078;43328;14861;28767;1448;3659;63;1699;250;771;5237;1453;908;2292;444;835;973;8548;8015;2234;4394;181245;33988;95696;2917;14073;173;2812;510;955;9878;3336;745;3101;945;1582;384;4227;1410;534;909;7833;1106;1895;137;2254;90;1866;223;299;2075;116;34;95;75;751;93;406;387;101;177;6340;1553;2366;80;723;19;122;33;42;395;269;128;287;31;87;47;313;214;92;112;3140;601;1328;66;299;9;109;28;29;397;87;32;49;6;70;145;1295;771;636;644;7124;1250;2814;173;1085;43;529;101;251;1436;274;88;196;52;263;Construction;141;0;0;;
31;6878;1714563;15623;39393;18702;39607;17628;83772;174938;80811;13006;82099;4065;32291;10854;19586;46543;7443;60664;44535;13757;33235;624;2979;3153;5085;3616;12022;74757;72527;4911;8225;330;3411;3069;1873;6709;2778;30109;50119;3955;3922;1137;3998;5488;6153;5437;22904;106050;93411;8728;13269;409;3535;5141;2318;11029;4169;52251;93182;6791;4591;617;3254;1306;1042;1193;3264;16433;23256;2127;3327;204;2919;1100;750;2361;1065;9544;17612;1915;1998;43;151;113;187;136;810;2001;1775;121;399;21;145;126;119;335;83;992;1178;136;177;26;115;99;133;99;348;2209;2900;200;266;10;124;90;81;233;64;795;1849;108;106;108;671;319;573;403;986;3812;2689;731;871;37;621;213;462;816;128;1300;1630;755;531;Manufacturing;141;0;0;;
32;11692;2324345;29496;161984;60058;67848;33279;199316;351320;105332;5385;158866;7189;97516;17566;39946;84703;13799;87812;39133;2344;57262;488;8917;6828;3282;3646;21129;91442;34600;1171;8959;254;9453;3381;2723;9288;3015;29774;13171;490;4281;1057;10591;7415;4960;5508;28437;83840;42642;1738;11506;389;8328;2563;3421;10934;3381;32579;23695;1038;4669;1866;22615;3428;1457;1939;4786;18074;7033;313;10380;562;18296;1929;1444;3362;622;8889;4999;141;6864;69;680;433;272;172;1702;3875;1066;48;704;28;389;152;153;434;162;1095;362;19;207;43;421;227;155;177;569;1904;1032;70;287;17;531;80;119;319;58;686;425;36;146;169;2239;720;767;577;1552;4822;2143;89;1186;59;1508;331;586;1115;216;1333;743;61;669;Manufacturing;141;0;0;;
33;20972;5385448;72333;644930;216940;125938;76820;436202;716817;166012;11440;351362;13385;216283;36745;42216;162935;31969;232996;64327;4882;95524;1021;30087;19479;4251;9771;47715;169188;52910;2799;16201;418;18350;6210;2616;17644;8345;84039;23308;1260;6748;3866;45631;28783;7797;14480;68465;152311;71296;3599;23340;634;19889;6846;3668;24041;8604;67426;35479;2437;7660;6706;138123;23455;6965;7021;22071;62618;12330;512;31732;1141;54419;7608;2922;10417;4781;42100;8104;246;10664;181;2581;1510;370;461;3340;6185;1510;120;1357;49;1114;341;175;899;359;2508;506;81;411;150;2414;1312;289;482;1543;4061;1105;81;935;27;1289;266;149;800;150;2072;529;38;360;456;9199;3360;1584;1780;4129;9845;2588;196;2862;125;4069;874;798;2714;458;3369;982;140;1207;Manufacturing;141;0;0;;
42;9003;1572925;26030;75561;25811;159446;41006;42529;131956;73659;8626;103517;5818;52297;4128;86319;96315;1907;17380;35386;3054;43682;348;4649;2838;12556;7315;5606;50687;30647;2305;7067;176;5468;842;12009;16283;548;9197;8609;579;3647;1042;7130;4031;20007;9618;9639;54234;43489;2947;11275;325;6164;835;12012;19399;957;11269;19346;1237;4809;1640;10693;2406;4701;3294;1755;7574;5568;504;8819;427;8192;645;3091;6413;301;3276;2798;258;4312;70;285;144;742;262;373;1352;766;75;404;26;256;41;611;576;36;343;351;31;162;84;300;129;532;336;259;1423;971;54;347;26;201;60;351;557;20;252;249;25;184;314;1335;481;2901;1258;738;3329;3987;174;1494;94;1232;109;2609;2621;40;549;3134;123;902;Wholesale Trade;141;0;0;;
44;33671;4401942;20530;47814;48609;736210;60863;73342;125318;140798;116238;167183;7499;52323;23871;680664;137018;10898;43504;47995;106895;89859;550;4025;5613;158620;11963;8671;38177;42919;27809;15129;332;5157;4503;192466;25715;2348;12888;13584;20778;9914;1166;5328;12524;184778;16946;24524;49828;59421;39762;23706;514;5246;4855;195579;32730;2155;18222;23845;34598;12201;765;7032;3914;40207;3989;4806;7042;8001;9428;6769;431;8594;2922;41415;6638;868;3210;3144;7936;4550;60;208;376;6569;538;609;1348;1581;1346;795;29;247;291;7578;1135;85;563;636;1467;532;49;325;447;4765;553;552;1409;1571;983;607;22;332;335;5351;1018;85;588;636;764;403;253;1046;1384;29384;2479;1982;4090;4935;3885;2755;98;1274;783;29738;4634;361;1333;1704;3142;1713;Retail Trade;141;0;0;;
45;19329;3669678;6785;56084;13689;312296;153464;34353;47627;115351;65116;86815;3053;51107;36048;652789;186750;4848;30971;71370;64011;70048;132;3923;2087;89905;68569;7101;13460;57273;24671;10893;119;4696;8383;247738;64681;836;9762;39600;24243;11319;318;4927;2931;88320;41048;7970;16194;47934;21823;12487;155;4638;7390;203637;47782;1944;10011;36365;24392;10843;385;20636;1762;25698;10005;1097;2957;10577;4846;7526;212;12600;3235;59477;11205;681;1915;7882;5013;5236;7;278;127;4230;2989;471;535;1820;951;604;7;294;497;9994;2982;56;461;1193;958;586;10;231;114;2706;1969;233;433;1368;701;374;6;256;247;6154;2056;17;258;965;665;459;118;1857;481;14429;7335;977;1556;7048;2689;1951;83;1686;1095;26550;6740;148;1055;4970;2706;1922;Retail Trade;141;0;0;;
48;8711;1945593;12818;123420;15229;21793;37797;136907;344677;70377;35011;72513;2708;27628;2459;31279;69903;3645;47952;12511;65278;21899;360;6841;2069;4459;9693;19158;145749;46824;20444;8698;178;4240;764;11547;20726;989;40141;13978;28878;3883;523;8442;2450;5249;10400;22232;84464;34330;12851;9076;183;3951;449;8569;19244;659;15245;8943;16001;3498;435;5781;694;1956;3774;5418;15532;5423;5390;3208;138;2999;212;4260;5788;181;1847;2027;7595;1675;85;816;141;191;426;1734;4078;1177;1402;607;15;256;29;306;717;60;652;267;673;144;36;513;121;179;535;764;4434;2225;1096;454;17;199;32;700;1170;42;1308;1038;1737;232;82;1461;277;589;1167;1543;7592;2958;1777;1000;45;614;91;1038;2366;99;1946;793;2547;485;Transportation and Warehousing;141;0;0;;
49;3597;780628;2697;13061;2643;4782;10863;14902;120860;90191;3023;40253;548;5559;692;2363;20302;2411;18330;30170;893;14341;81;1143;407;601;4481;3204;49899;64541;1384;9603;52;1262;163;696;8191;1376;12817;26673;568;4619;132;1111;544;1001;3748;4433;42550;39938;1525;7381;44;874;168;636;6381;3305;8715;16223;534;2474;96;1033;243;256;1203;1772;7361;6280;170;1634;30;628;88;169;1397;1605;1881;2373;48;637;6;73;25;16;84;124;1206;1191;25;284;;31;5;14;181;32;255;536;12;106;4;23;32;6;107;72;732;1291;18;168;;22;;22;210;13;181;512;4;71;12;123;57;71;377;231;2054;4706;85;837;8;94;16;55;582;62;566;1365;29;333;Transportation and Warehousing;141;5;3;;
51;8407;1731043;21470;271515;64311;63472;64590;52241;13782;6713;18110;122923;7744;147100;14943;44101;115180;4456;6482;4449;23263;71197;469;20171;12204;8169;18861;16030;4068;2739;6770;8588;321;18792;5333;7980;48723;2152;2555;2057;6285;8526;857;23465;12184;7601;15575;12351;2751;1389;7989;10888;362;14718;2447;5511;23144;771;2318;1046;6720;6972;2302;79896;5836;3519;4946;2533;1227;455;1475;18703;739;39294;1633;2286;7164;284;907;402;1124;9795;60;1220;594;274;615;480;155;76;235;536;31;766;143;246;1231;34;80;42;300;323;47;1100;364;253;385;288;123;111;188;451;19;657;69;202;723;19;46;61;180;300;220;6627;2130;2005;3106;1373;313;185;1439;2130;128;4625;586;1610;5637;137;213;110;1456;1572;Information;141;0;0;;
52;13793;3544799;60512;474348;25354;82194;188931;2365;4045;1679;5047;221003;24913;480931;20414;45489;560507;371;2452;527;3623;196843;1315;39062;2783;6892;53705;252;1058;232;1248;13225;1170;80777;4937;8337;213715;68;979;102;951;23868;2110;37614;2642;9874;46769;293;656;370;1045;14987;1194;48322;2410;11547;121981;82;464;133;920;18383;3498;82230;7134;3819;18206;66;603;48;219;26037;1409;66162;4085;3202;39144;11;513;19;221;18324;150;1760;157;260;1305;29;25;16;46;610;90;2267;186;248;4753;11;26;;32;737;80;1467;152;279;1450;5;22;9;24;520;52;1860;111;244;3618;;6;6;27;680;429;10139;593;1843;10211;62;126;38;100;3199;271;11047;504;1640;24866;39;97;21;103;3176;Finance and Insurance;141;5;2;4;98
53;3391;484599;11396;25712;6326;15552;14281;20160;21298;9998;10282;29310;4696;23895;1475;9890;44296;640;2800;2194;12780;24338;288;2228;1552;2700;4520;3923;8691;6749;5717;2397;240;3931;700;3363;13845;158;2350;1556;7489;3489;453;2907;2148;2252;4033;7961;7279;11477;7064;3259;290;3165;283;2468;10355;269;1212;2461;6721;3527;320;3185;401;595;1496;805;1183;828;1077;1640;224;3425;135;542;3151;29;243;134;1264;1536;28;101;66;118;131;236;303;191;127;126;15;101;12;83;351;4;42;38;186;109;17;127;117;82;182;145;174;246;163;152;12;119;9;108;432;4;54;42;149;172;112;642;199;510;816;422;416;525;991;549;65;806;71;614;1912;10;111;125;1126;701;Real Estate and Rental and Leasing;141;0;0;;
54;18976;3716027;80229;771224;121788;71561;85180;39691;29428;15992;12848;261966;29938;452297;43282;44438;252436;2577;10322;7928;16418;158068;1744;58205;15270;5500;22887;5240;9582;8590;6222;12570;1333;58112;7903;5518;73360;706;5319;5679;8400;13847;3109;59174;17670;5787;19025;9777;7396;10224;4604;15988;1692;43142;5925;4617;48864;779;4236;5234;5141;11383;13505;210965;12780;4971;11072;1476;3019;1348;876;63226;3730;116243;6698;2638;20546;241;2161;948;985;24498;225;3032;1356;246;576;528;344;264;226;874;105;2153;390;254;1883;71;205;184;325;553;177;2921;835;264;670;257;215;176;116;728;62;2016;346;200;1691;21;109;73;104;522;865;18218;3221;1894;4035;814;804;2348;1246;4061;442;14083;1451;1707;10124;110;346;1212;1305;3153;Professional, Scientific, and Technical Services;141;0;0;;
55;4583;770594;20750;94025;13700;19372;20457;13859;15432;8927;10086;68343;7793;82965;7064;11812;70002;798;3658;2035;13040;48420;522;7078;1775;1183;4632;1323;3604;3145;6358;3814;393;11183;2458;1101;18923;178;1454;1713;9084;4660;1050;7334;1853;1759;4665;2660;5025;4388;6267;5279;470;7663;1073;1498;13150;236;1961;3167;6018;3893;1002;15813;1257;642;1823;308;978;444;1155;5787;418;12923;783;676;4333;127;737;358;1139;4256;74;506;118;68;176;290;217;153;149;290;45;572;85;60;706;10;35;49;158;262;31;357;97;75;125;84;139;136;142;187;14;378;56;81;394;13;52;32;172;156;155;1731;333;393;786;232;323;315;669;851;66;1879;185;365;2147;23;88;244;802;776;Management of Companies and Enterprises;141;0;0;;
56;13794;2957730;22985;107911;30442;39115;86451;56912;69100;71203;207235;88956;10441;110132;16324;37641;205508;3812;16059;34823;99600;60579;1031;13297;6508;8747;35784;12624;35659;64956;182287;11919;728;23578;7403;13611;115344;2122;13038;35584;142205;10855;1585;12220;6675;6407;27952;25788;41984;98237;120609;14108;914;13559;3896;7329;59837;1764;15008;51139;98561;8660;1236;19953;2889;1566;7275;1486;3959;4726;19270;7730;517;15689;1747;1629;12749;278;2245;2681;8086;4332;72;577;267;240;1171;882;906;1178;3454;493;63;696;170;333;2576;87;315;697;2103;349;47;895;296;226;1012;422;752;1449;3826;451;27;728;119;373;2157;52;316;783;2089;342;332;3149;1010;1735;7702;2776;2844;4860;13594;1669;187;3200;502;2147;15981;367;1273;3211;7901;1515;Administrative and Support and Waste Management and Remediation Services;141;0;0;;
61;2730;473542;5788;67094;2982;2603;8873;2859;1949;4441;9848;12762;5221;122283;2496;3522;36638;314;1325;3702;17158;17413;327;7405;464;398;2379;357;568;1215;6158;1438;462;15509;471;684;7992;61;372;1036;8416;2478;250;6215;463;313;2247;481;386;1512;3710;1077;305;14164;513;411;7050;51;381;855;7100;1594;199;5103;269;123;982;95;72;188;931;678;240;8785;205;214;2613;13;42;100;1623;1011;12;309;14;15;64;28;17;41;128;50;16;548;23;13;298;;11;57;188;85;19;379;28;12;97;19;17;51;145;57;13;711;17;13;362;;10;16;196;96;80;1617;73;103;426;53;33;113;455;227;102;3069;74;152;1310;6;25;101;855;465;Educational Services;141;3;2;3;96
62;39106;10506848;47256;513724;208814;7219;74277;49228;27293;39375;265355;127098;56640;2177598;690148;20457;755600;11482;20736;48312;1025885;336212;2426;63794;55175;1311;27154;6481;10195;16812;198859;16066;4844;302533;206393;3611;216386;4337;10296;32025;746501;49179;2337;50397;42588;1094;24405;7698;6556;9371;91148;13330;3197;169031;93771;2978;164144;1318;4616;15679;342316;28003;2325;102154;33169;328;10955;2088;1894;2407;37773;9786;2169;254873;58285;725;41204;396;1416;2611;94928;18559;182;2948;2171;51;855;813;239;443;4228;649;245;11195;6590;124;6666;105;223;977;16531;1674;164;4630;2596;48;1078;258;208;341;4387;725;223;11966;4532;146;5035;52;173;435;12805;1487;468;12424;6737;221;3934;649;634;1093;12861;2237;600;39753;17141;516;21583;290;530;2868;40199;4803;Health Care and Social Assistance;141;0;0;;
71;4030;1000734;8492;42236;13518;12287;15301;22071;19837;27554;145252;33622;4269;34861;4098;18819;32468;6964;6384;8661;149761;24154;312;5873;1511;2044;2542;2255;3272;6554;39035;2819;261;2821;435;3436;5207;1090;1687;2710;38139;2306;437;6224;1902;3129;3048;4972;4104;11610;45995;4085;257;3327;550;5458;6304;1309;1591;2849;45672;2906;228;2697;501;1163;1103;701;804;994;14279;1595;172;2805;188;1854;2216;370;457;537;15159;1416;21;208;84;84;85;192;178;436;1362;187;15;198;29;159;221;36;105;109;1455;153;41;352;98;141;204;208;143;277;1726;253;18;274;61;226;287;94;56;106;1701;168;105;1505;335;613;673;506;541;1234;7588;690;71;1384;159;1001;1377;277;231;621;9504;682;Arts, Entertainment, and Recreation;141;0;0;;
72;28756;3304591;14763;16435;4661;13407;17664;18548;14340;23468;472634;89858;7513;17726;1278;25263;50190;2577;7338;20789;654105;67070;959;2065;885;3165;5904;4914;7096;13815;234738;12550;1051;2363;229;7069;17299;829;3934;10656;247144;11124;1778;2877;1424;3777;6913;10020;8817;21942;373380;21939;1119;2505;324;7270;17010;1427;5916;12914;327270;14690;759;2288;396;1266;3391;3119;2713;3225;64724;6832;447;2404;122;3197;8484;594;1463;2398;71544;5915;45;73;47;117;250;194;207;438;7169;547;48;82;20;259;542;24;359;434;9155;530;77;207;105;178;475;413;382;740;9703;866;55;205;11;386;1415;73;132;397;10158;751;275;533;182;685;1230;765;726;1765;38440;2839;195;547;73;1279;3229;169;343;1304;44330;2404;Accommodation and Food Services;141;0;0;;
81;5700;879176;11322;38777;17266;17515;15542;26124;21644;16353;42015;33826;6955;56755;5424;10864;53006;1474;7940;10646;100072;28357;719;5613;2803;3153;4662;3641;14627;9498;17902;3983;861;12158;1809;3616;14229;306;7241;6269;26024;4589;727;5146;3109;3888;3961;6971;12748;12495;14606;4407;669;8536;827;3355;12324;319;11957;12011;22131;3447;451;4172;1283;664;1197;1020;2725;1381;3239;1869;388;5186;459;713;3246;138;2346;1830;5122;1732;43;216;143;97;133;306;319;178;317;160;44;414;70;103;516;32;209;145;661;134;19;228;86;88;124;122;250;268;447;128;29;309;27;119;384;6;200;242;719;152;112;904;362;557;689;608;838;1249;3630;612;109;2048;177;782;2062;44;317;959;5847;708;Other Services (except Public Administration);141;0;0;;
92;256;53106;555;12260;1495;498;654;1439;414;421;1613;2677;357;6599;424;100;2800;116;144;266;900;1513;47;907;186;60;182;292;195;257;1545;229;67;1322;132;8;927;54;160;168;1280;308;20;933;155;107;207;151;458;186;556;160;19;723;68;20;668;15;114;39;337;148;21;1386;85;11;38;67;67;15;65;167;13;771;36;7;129;6;21;8;59;98;6;61;8;;16;33;41;10;24;23;4;46;5;;58;;4;;11;17;;63;10;3;7;8;9;5;24;6;;47;5;;26;;;;14;7;;247;35;10;27;29;11;16;70;36;3;127;9;;74;3;9;;37;25;Public Administration;141;12;13;;
