STATE_LABEL;TOTAL_UNIT;TOTAL10;WHM1;WHM2;WHM3;WHM4;WHM5;WHM6;WHM7;WHM8;WHM9;WHM1_2;WHF1;WHF2;WHF3;WHF4;WHF5;WHF6;WHF7;WHF8;WHF9;WHF1_2;BLKM1;BLKM2;BLKM3;BLKM4;BLKM5;BLKM6;BLKM7;BLKM8;BLKM9;BLKM1_2;BLKF1;BLKF2;BLKF3;BLKF4;BLKF5;BLKF6;BLKF7;BLKF8;BLKF9;BLKF1_2;HISPM1;HISPM2;HISPM3;HISPM4;HISPM5;HISPM6;HISPM7;HISPM8;HISPM9;HISPM1_2;HISPF1;HISPF2;HISPF3;HISPF4;HISPF5;HISPF6;HISPF7;HISPF8;HISPF9;HISPF1_2;ASIANM1;ASIANM2;ASIANM3;ASIANM4;ASIANM5;ASIANM6;ASIANM7;ASIANM8;ASIANM9;ASIANM1_2;ASIANF1;ASIANF2;ASIANF3;ASIANF4;ASIANF5;ASIANF6;ASIANF7;ASIANF8;ASIANF9;ASIANF1_2;AIANM1;AIANM2;AIANM3;AIANM4;AIANM5;AIANM6;AIANM7;AIANM8;AIANM9;AIANM1_2;AIANF1;AIANF2;AIANF3;AIANF4;AIANF5;AIANF6;AIANF7;AIANF8;AIANF9;AIANF1_2;NHOPIM1;NHOPIM2;NHOPIM3;NHOPIM4;NHOPIM5;NHOPIM6;NHOPIM7;NHOPIM8;NHOPIM9;NHOPIM1_2;NHOPIF1;NHOPIF2;NHOPIF3;NHOPIF4;NHOPIF5;NHOPIF6;NHOPIF7;NHOPIF8;NHOPIF9;NHOPIF1_2;TOMRM1;TOMRM2;TOMRM3;TOMRM4;TOMRM5;TOMRM6;TOMRM7;TOMRM8;TOMRM9;TOMRM1_2;TOMRF1;TOMRF2;TOMRF3;TOMRF4;TOMRF5;TOMRF6;TOMRF7;TOMRF8;TOMRF9;TOMRF1_2;I;J;SUMCOUNT;MISSCOUNT;SMALLEST;INDEX
Alabama;3480;659790;5879;50005;13725;17841;11433;37940;43152;17977;15371;27569;1809;42805;11010;18710;32773;2103;10783;7437;23672;12802;205;5929;3055;5799;6714;8330;28146;19024;14701;3732;219;11611;7302;14100;22878;1206;13445;12386;29648;3651;84;1519;511;510;454;2858;2836;4872;1648;670;32;997;249;624;1168;202;1254;3054;1763;228;217;1848;254;158;266;388;432;186;255;723;23;1147;197;309;386;38;251;166;374;134;45;327;82;91;152;382;429;116;344;185;12;218;49;139;234;33;112;50;169;63;7;83;19;39;31;58;81;57;116;23;3;73;28;45;84;4;32;48;86;17;25;560;120;289;258;209;396;278;439;155;11;396;110;445;675;22;142;188;620;124;141;11;0;0;;
Alaska;603;106824;774;6760;3006;2869;1762;8058;4298;3045;3794;3671;431;6568;1573;2878;4298;260;721;864;5428;2030;16;198;152;239;212;166;443;1120;732;122;9;231;96;272;318;8;75;79;760;99;24;247;187;264;216;464;829;1819;896;156;15;260;94;332;427;33;198;681;962;115;14;302;282;443;499;338;1304;1946;1184;136;12;531;226;930;820;34;550;940;1855;148;82;391;662;267;412;1259;523;619;856;228;56;607;1156;382;1679;70;114;200;1723;251;;63;43;124;146;133;255;395;225;32;;50;19;213;251;11;99;110;406;36;14;143;120;376;139;208;172;255;319;62;10;227;75;398;306;13;38;104;485;59;141;11;5;2;5;101
Arizona;5290;1055672;7954;68679;20198;41296;33029;23494;25798;15898;36034;39405;3607;74339;14845;37872;69999;1215;5978;4532;47239;26677;144;3989;1944;3720;6466;1475;4316;4221;7056;2160;115;5522;1722;3464;12564;104;1433;1207;8384;1811;567;10600;7036;15098;17348;17667;21693;26026;24598;8293;384;13935;5798;17951;37394;1601;7862;9915;35397;5582;366;10126;1577;1329;1727;749;1670;924;1967;3989;114;8233;1209;1655;3209;144;1186;421;3060;1603;34;615;457;1077;980;1792;1410;1502;1792;423;30;989;732;2020;2599;121;899;792;3566;363;20;380;165;355;371;206;378;344;482;156;8;444;144;345;686;16;129;92;687;140;119;1838;760;2071;2808;562;936;1266;2446;843;69;2368;678;1969;4527;58;260;696;3075;674;141;11;0;0;;
Arkansas;2142;455328;3652;22503;8007;14006;10911;23022;35566;14494;10342;21742;1684;32971;10552;20144;29101;1526;8508;6538;20910;12723;108;1532;1063;3197;2634;2911;13209;6720;5358;1931;121;3563;2434;7304;7305;656;5303;4486;12252;1594;65;864;458;1303;1117;2241;5359;6155;1739;1133;31;922;533;2497;2231;354;2722;6168;2506;683;59;2049;199;276;291;273;696;804;281;748;24;1233;276;575;537;49;473;740;429;326;28;229;79;167;216;361;617;318;160;253;14;332;130;287;382;19;208;241;308;179;;49;26;53;89;95;515;1200;64;60;;40;35;116;107;21;196;609;231;37;13;354;97;371;328;182;431;277;269;225;8;430;160;574;664;16;117;148;431;157;141;11;3;2;3;101
California;29964;5815579;55706;342721;71295;157855;72912;91322;84293;52986;106654;201428;21897;297549;48691;137715;187856;5117;15356;19655;122370;126093;1312;21873;10290;21531;17427;10646;28700;22038;44043;12530;1084;32838;10936;26733;49323;1003;8631;9414;49961;11907;5419;64279;44104;101596;65678;117486;199088;240319;198259;58893;3258;80439;33185;133443;167748;7653;63451;112886;216972;36532;11009;218675;37171;29492;31845;18770;39725;20172;48080;60887;4631;198813;32609;33018;65868;3586;19479;12088;58330;42450;187;1979;925;1616;929;1669;1822;1256;2074;1197;107;2318;775;2064;2465;106;446;525;2419;884;323;5086;2832;3059;2948;2203;4448;2716;5721;2369;207;6883;2052;3320;6682;175;1436;1325;6442;2061;1248;16123;5155;11661;8212;5601;6689;8229;18245;6691;802;18287;4450;12578;19426;544;1850;4632;22159;5869;141;11;0;0;;
Colorado;5215;949483;10221;100680;19502;41265;24624;26832;32636;19545;35562;48632;4261;88547;16750;38227;60728;1549;6633;5834;49891;30912;137;3395;1284;2777;3505;1276;4999;4695;6397;1456;73;3409;1379;3439;8292;115;1026;1577;8505;1192;518;6919;3343;7477;5765;11346;13977;17219;14015;4942;354;7634;3487;10760;15004;550;4092;6794;21101;3371;347;7169;1039;1222;1154;507;2055;1615;1863;1698;163;5332;1000;1746;2197;94;1339;667;3048;1081;41;505;204;385;334;540;483;520;585;261;16;450;177;547;724;34;144;172;947;179;13;302;106;169;166;119;269;212;369;104;;340;122;217;362;;73;87;514;93;97;2077;653;1533;1346;632;1054;1295;1879;832;41;2118;669;1678;2937;55;240;592;2489;610;141;11;8;2;6;111
Connecticut;3287;656429;9494;61300;15828;21886;11576;21497;19105;9949;18553;37005;4137;74217;13246;19901;40000;1285;6886;3785;30320;25743;203;3943;2072;3159;2786;2184;6232;4114;10574;1837;198;7504;3508;4442;8660;425;2232;1816;20593;1901;224;3660;1771;3152;2360;3085;7076;6026;7857;2219;160;5113;1741;4502;7096;631;4179;3382;11198;1567;524;9474;932;741;592;816;1463;423;861;2705;178;7010;754;906;1343;167;1270;368;1496;1506;13;147;48;68;32;117;99;59;107;76;5;220;39;104;134;8;48;24;183;56;6;150;36;61;40;37;66;91;121;39;5;195;48;79;81;7;32;72;313;42;47;825;228;576;405;178;351;415;768;305;31;973;282;625;858;14;150;223;1198;245;141;11;0;0;;
Delaware;847;183205;1267;13931;3822;6138;4270;4961;4837;3514;4212;8141;533;19045;4300;6727;11504;220;910;1389;6242;5841;43;1623;911;1521;2158;666;2333;4676;3904;836;30;3919;1955;2568;6140;99;791;2642;7593;1055;20;577;227;418;398;735;730;1726;1134;415;16;765;344;637;1044;34;399;1365;1683;285;79;2786;258;193;287;51;107;179;253;702;15;2160;214;237;454;4;60;169;316;346;;43;10;26;13;26;44;21;34;23;;63;24;26;42;;9;21;60;13;3;51;14;17;25;8;28;36;32;28;;91;15;32;45;;;22;47;8;7;205;63;140;198;59;140;222;285;82;3;280;98;237;443;;52;146;377;71;141;11;8;7;;
District of Columbia;1192;233205;3860;26578;1725;1777;3237;1421;868;709;2288;9641;2336;27778;914;1786;8389;56;117;233;1762;9701;328;5459;1851;1871;3513;1417;3454;1575;11914;2241;433;11448;2878;3481;11092;156;933;446;14128;3114;160;1951;357;345;651;1161;591;1065;4622;862;119;2301;213;438;1496;46;131;314;4417;757;215;4649;433;205;527;193;158;48;1200;1099;159;5818;357;254;1264;13;57;15;938;1150;8;89;14;9;25;5;9;7;33;25;5;133;18;16;66;;;;51;24;8;96;14;13;20;5;5;5;41;30;;134;10;17;58;;7;7;50;33;28;728;61;92;180;27;38;45;327;212;38;1108;103;143;606;12;19;37;357;291;141;11;6;5;4;111
Florida;16145;3028668;21336;144188;45687;112233;62475;63035;70846;40089;103811;102632;8783;189108;43254;114048;164465;3953;16265;12403;130429;69834;724;18065;11018;32338;29328;15557;41385;35334;76832;12287;624;46948;22000;50026;83877;1318;11568;12841;118434;12377;3056;37047;17227;45669;32856;33483;46023;46082;75202;25851;1527;49240;14608;58419;77812;2218;13928;18941;82202;19232;746;17283;2850;4140;4045;2184;3256;1836;6203;4977;284;18673;2900;6288;8104;315;2250;959;7731;3130;49;584;274;571;410;408;571;269;890;396;25;772;253;815;865;23;130;103;1079;275;37;674;334;520;473;304;376;331;980;290;18;952;327;698;921;24;146;133;1355;221;308;3799;1455;4032;3791;1244;2378;2124;7012;2027;132;5498;1577;4775;8455;123;909;1065;7961;1595;141;11;0;0;;
Georgia;8653;1772638;16823;114925;28758;61125;25687;56152;60939;33378;31290;80077;5681;111853;22557;50605;74240;2970;15329;15925;52926;42304;921;22732;10614;27446;22078;19570;68445;48655;42998;16235;1077;50958;22438;49383;70734;3176;29800;28636;73207;16969;533;6366;2827;6226;3255;8112;15623;18893;8141;4789;247;5804;1814;6979;7197;926;7744;14046;9657;2697;1025;17403;1919;2834;1585;1729;3698;3347;1765;6010;240;12310;1384;3020;2872;469;1725;2224;3213;2403;32;441;148;242;127;224;371;207;370;297;16;399;104;327;312;20;99;139;335;128;28;407;146;186;123;188;289;245;266;158;16;535;138;223;323;13;112;167;448;118;131;2199;730;2297;1182;2409;1203;1364;2095;1153;64;3097;1177;2846;3502;286;507;968;3364;930;141;11;0;0;;
Hawaii;1268;217343;659;3673;788;2029;745;1664;1228;942;4835;2876;302;4299;672;2735;2259;112;325;308;5196;1727;10;194;67;224;139;104;214;196;700;152;5;194;59;234;199;;27;32;462;79;51;304;155;476;187;548;523;375;1599;348;32;493;134;815;735;35;137;146;1440;240;783;5096;1960;3769;2642;6336;4657;4885;15624;3663;421;8427;2140;6927;9043;342;1209;2276;18949;3533;;28;20;48;26;50;50;21;146;31;;35;20;75;71;;9;16;136;55;128;899;435;1182;939;2422;2821;3349;5449;920;95;1589;483;2793;3352;184;975;1213;6333;961;262;1244;461;1071;753;1622;1456;1669;4142;965;126;2514;491;1808;3004;115;377;394;4371;1012;141;11;7;4;;
Idaho;1113;193421;1801;15166;5454;8995;7551;8755;14288;6381;7937;8693;580;14799;4903;10353;18572;428;3877;2220;13233;4509;9;134;83;158;211;57;290;192;356;74;3;81;66;121;164;6;37;56;345;25;56;574;435;807;934;1330;3628;2847;1227;542;21;560;540;1196;2103;143;1299;2044;2304;279;23;952;135;148;127;83;290;161;191;187;8;566;109;211;247;12;239;161;331;86;5;64;29;66;75;111;202;102;103;55;6;67;38;162;213;4;63;42;199;24;;31;22;36;46;43;72;58;48;15;;37;18;55;93;3;45;18;104;17;18;244;86;203;225;116;219;155;183;86;3;200;91;237;381;11;67;53;302;48;141;11;3;2;;
Illinois;12039;2500062;28496;184218;38158;91981;44223;80756;112658;50848;58920;124794;11290;214254;38764;86466;137070;4290;28125;17028;104724;82329;679;13181;5070;13511;11850;8908;34925;28794;34583;8452;761;28847;10099;25346;40148;1006;13690;14055;70566;9771;1361;13989;6654;14920;10473;19230;49023;46603;39048;12094;595;18041;6392;20369;27905;1866;21267;29634;42056;8019;3518;35627;4720;4759;4023;2078;6101;3000;6093;10868;827;33978;4575;5304;7153;435;2983;1721;9470;6772;46;411;131;280;156;349;562;301;434;282;21;485;128;351;395;27;202;132;555;196;57;790;232;237;245;139;318;246;387;271;22;1052;187;248;413;16;143;120;649;201;166;3013;615;2170;1388;683;1725;1361;2490;1319;99;3569;668;2996;3045;68;552;692;3734;1114;141;11;0;0;;
Indiana;6317;1262956;10761;72369;26438;41754;25011;75214;129634;59015;37436;53893;4274;101574;29209;48696;81849;7834;43813;30237;76154;33309;248;3799;1974;4238;4296;4302;18260;14339;11826;2935;207;7915;4352;7860;15482;881;6395;7761;23106;2913;221;2247;1201;1917;1439;5488;14956;13253;5716;2013;105;2827;1146;2655;3729;1310;6005;8448;6735;1182;433;5840;636;575;455;432;3156;2892;682;1492;74;4075;563;882;927;165;1554;1847;1175;656;18;179;93;118;77;269;424;290;243;115;6;204;88;199;220;30;158;143;282;73;20;143;49;37;45;66;179;175;90;57;4;149;51;86;100;10;97;104;171;30;59;756;373;893;609;438;1304;1302;1456;360;27;1099;418;1113;1347;83;463;751;2229;317;141;11;0;0;;
Iowa;3106;619373;5229;39641;12668;30829;18063;30884;62206;25168;19004;28829;2190;54759;15486;32106;52541;2408;15481;10802;42941;17951;69;971;388;1310;1144;730;5881;4835;3086;536;21;1147;606;1677;2320;113;1137;1841;4741;304;93;1011;553;1397;891;2250;7247;6879;2240;809;43;976;506;1663;1913;256;2512;5189;2874;409;98;1847;425;560;607;400;1964;3263;650;506;27;1450;354;782;972;67;745;1793;1006;259;10;79;29;104;68;116;302;168;114;58;6;101;48;133;165;10;89;67;221;35;;58;20;66;56;36;171;294;81;32;;59;15;56;69;;68;138;172;49;13;299;103;509;315;167;675;438;583;147;7;361;163;584;739;23;204;188;845;112;141;11;6;3;4;101
Kansas;2816;518078;5408;37477;11113;21335;13253;28662;34969;16533;16495;24259;1931;42187;9951;21728;37361;2144;7864;6208;27704;14377;62;1699;816;2060;2183;1729;5822;4905;4273;1160;38;2444;1015;3085;6943;270;1664;1900;6393;825;129;1520;867;2073;1492;4216;8603;7478;4182;1623;61;1699;863;2850;3653;295;3530;3957;5584;739;86;2634;445;549;394;1183;1935;942;669;605;30;1864;446;919;814;256;1474;936;996;287;21;223;93;220;155;413;586;269;282;167;10;251;107;260;432;45;147;116;434;109;;61;25;48;48;34;145;69;74;37;;100;26;73;143;5;59;53;141;32;27;613;205;709;620;368;667;519;701;273;14;539;200;857;1308;51;210;214;1168;173;141;11;6;2;5;101
Kentucky;3751;770612;5697;40570;15433;26727;21608;41006;79958;44347;22797;35312;2531;64523;20783;30356;59874;3526;25179;21014;44821;22455;109;1920;1165;2523;2921;1960;13759;10993;7066;2093;99;4595;1881;4139;10021;442;6055;5262;11044;1693;90;1051;337;656;639;1016;3725;4249;2576;989;33;1280;255;798;1714;146;1902;2217;2643;527;214;2584;194;355;356;186;1071;1508;387;702;24;1648;210;555;712;52;531;889;744;398;5;97;43;68;69;108;250;162;112;79;5;103;38;102;149;12;101;79;127;39;5;91;26;50;47;42;143;150;89;53;3;114;25;60;105;8;67;60;156;34;13;437;151;486;398;167;858;821;731;284;13;649;194;678;953;36;394;500;1161;192;141;11;0;0;;
Louisiana;3414;622834;5270;32073;16137;12692;8099;49738;27336;13608;14844;25796;2085;41667;12937;13829;30353;1723;3153;3130;18506;11031;352;3482;3615;7632;6499;15843;19952;16443;22401;3927;350;11589;9634;19961;21285;1466;5268;6190;46286;4002;147;1294;812;913;483;11563;2428;3290;1741;1140;62;1315;414;1330;1323;620;229;569;2090;466;64;1544;463;289;193;867;564;238;757;379;25;1497;366;468;537;63;244;118;871;203;21;190;157;96;75;567;355;183;132;133;7;181;86;159;202;27;41;60;257;48;3;90;34;29;65;115;64;154;82;34;3;80;35;54;63;9;11;19;101;20;37;360;196;293;180;454;297;331;668;196;24;481;203;502;477;36;59;134;1579;122;141;11;0;0;;
Maine;1092;195292;1657;13787;4742;9981;6682;11177;12844;6099;7841;8334;1019;27203;5824;11359;21682;623;3915;1705;19315;7144;5;247;81;271;279;114;547;425;510;99;6;286;66;246;505;4;228;106;696;76;12;140;45;133;130;121;252;155;169;95;5;222;63;157;257;7;114;28;247;79;18;389;58;99;102;45;226;87;88;87;9;421;75;177;174;15;163;84;227;58;;49;20;51;54;56;67;30;49;21;;76;20;77;76;4;21;17;122;20;;6;9;10;9;5;10;8;20;6;;29;6;15;22;6;7;6;35;6;5;111;38;92;82;37;72;74;122;39;6;190;54;94;170;3;32;28;196;34;141;11;5;4;;
Maryland;5481;986360;10096;74250;17816;26433;15328;28288;24136;16725;21777;42246;4286;86642;15695;24314;47909;1395;5595;5292;33114;27843;564;13299;7766;13634;10212;8161;21276;19767;32404;7002;700;27287;13555;19776;31403;737;6396;8904;50008;8479;311;4099;1871;2530;1722;7050;3987;9807;9719;2906;142;4345;1171;3195;4659;278;1341;3187;12728;1585;679;13005;2045;1903;1426;957;1959;1212;2314;3037;255;13258;2070;2486;2858;118;1090;751;2754;2028;18;293;91;143;82;171;168;116;191;141;10;383;145;225;255;14;52;52;342;94;17;301;102;82;99;110;92;94;159;97;9;335;91;144;253;6;58;52;264;75;79;1741;497;941;707;462;647;1055;1414;627;50;2346;579;1253;1832;46;199;571;1994;546;141;11;0;0;;
Massachusetts;6950;1484383;19035;151734;26277;66707;28037;35081;40189;22109;47359;80582;8892;193098;31031;61209;94065;3011;10672;6972;77488;61243;324;7623;3940;6027;4547;2476;8411;5248;23295;2951;263;13164;5821;6573;12323;291;1922;2215;35181;2856;1517;7171;2905;6066;4351;3933;11686;9255;20145;3721;249;9087;2906;8115;11623;1135;4598;5089;25353;2873;1177;28317;2615;2971;2496;1338;4319;1514;3334;7083;411;23635;2403;3946;5415;638;3125;1285;5467;4321;27;294;81;218;101;131;167;113;273;129;14;367;79;251;253;21;66;32;371;97;16;435;96;169;73;55;169;66;214;162;10;542;101;167;189;10;64;51;332;93;99;2142;421;1200;806;276;686;683;2122;762;65;2760;527;1380;1904;44;210;492;3197;678;141;11;0;0;;
Michigan;7781;1700256;17629;154547;45777;52308;34052;75615;118300;53990;51006;82457;6649;157064;40766;61463;105649;4859;36926;22926;89873;46217;523;9279;4576;7719;7262;6038;32397;18470;22681;5000;484;18646;7511;15015;27020;876;17399;11285;44500;5533;360;5675;1851;2314;1922;3262;9802;8311;8166;2901;150;4529;1558;3178;4762;326;5093;5695;9939;1644;868;21490;2067;1218;1169;712;3562;2254;1769;4151;175;12910;1292;1536;1977;164;2124;1591;2298;1605;43;503;225;219;205;485;788;387;359;275;32;587;238;317;538;47;343;228;695;164;24;398;97;89;75;93;225;114;192;138;7;319;82;107;174;12;109;105;242;70;107;2241;667;1224;1343;589;1946;1194;2088;785;50;1972;611;1637;2287;114;943;711;3147;593;141;11;0;0;;
Minnesota;5671;1226862;13381;116007;28042;56661;30538;51673;69537;33447;37844;60308;6231;145046;33411;48917;95328;3550;19640;14784;75035;44834;180;4420;2178;3906;3561;1644;8831;6977;11046;1539;103;5722;2482;5016;7411;199;2416;3072;16252;1193;246;2836;989;2692;1561;2861;6857;6792;7718;1640;72;3208;880;2621;3399;279;2835;4368;7344;987;363;10156;2207;1932;2371;1854;8056;3351;3377;2422;161;8741;1971;2464;5038;249;5265;2352;4999;1568;26;360;145;347;194;527;653;423;571;190;20;550;199;421;586;58;203;179;966;156;8;154;68;117;76;91;236;203;136;81;4;181;55;142;183;9;104;93;296;47;61;1350;385;1152;812;411;813;674;1421;502;29;1747;443;1280;1842;71;258;332;2345;432;141;11;0;0;;
Mississippi;1864;357368;2841;11647;6772;6723;4825;18345;19393;8095;6687;12677;888;17920;6021;7828;15509;1361;4186;3096;9670;6002;207;1917;2020;4684;4526;8540;24650;17690;10178;3094;208;6884;5165;11231;12862;1951;11997;14085;23167;3174;23;210;111;145;140;1998;1534;2680;408;290;9;176;86;235;305;268;485;1767;448;96;30;344;63;70;59;279;176;63;431;120;7;314;80;189;164;110;104;78;688;59;;29;21;23;20;70;93;87;77;29;3;27;19;43;49;6;24;63;48;9;;20;9;9;13;25;69;34;37;14;;38;14;24;28;3;12;25;96;9;4;95;47;126;160;126;145;130;221;93;5;114;54;188;596;18;58;77;281;50;141;11;3;3;3;81
Missouri;5451;1123927;11044;85782;21634;42513;29961;52627;76859;35593;39689;52872;4741;110715;25198;44717;87901;3004;21732;23330;66273;36343;245;4699;2062;5032;5687;3761;14148;10336;18453;2997;279;10324;5040;8564;21340;513;5808;5698;28464;3361;182;2708;727;1417;1261;2412;4983;4406;4959;1546;87;2553;646;1822;3125;238;1957;3515;5139;949;215;6183;595;523;657;316;1252;1341;1294;1448;76;4937;670;893;1303;81;927;736;1893;755;27;317;104;223;186;386;576;319;331;221;21;418;126;244;461;23;197;153;463;127;14;155;68;59;119;127;374;433;220;79;;189;61;137;234;;188;347;351;62;49;1010;280;823;1035;442;1042;728;1588;445;50;1326;358;1036;2266;40;340;485;1998;367;141;11;13;2;11;116
Montana;685;104876;942;6437;2771;4583;2988;7232;7721;3965;5104;4034;543;12299;4195;5654;10517;244;1393;1576;9869;2893;;37;21;60;57;63;166;87;150;20;;24;13;50;113;;8;17;189;5;8;97;79;133;96;271;265;322;350;108;;173;78;204;286;8;57;74;462;54;7;81;23;47;27;11;41;43;115;28;3;132;40;130;102;;21;13;268;14;6;58;40;122;108;218;308;153;261;62;11;161;79;212;236;14;64;87;550;44;;18;4;23;13;8;13;11;25;3;;21;9;18;25;;4;5;47;5;6;63;45;102;67;53;94;88;148;48;4;119;45;122;178;;23;38;238;29;141;11;9;9;;
Nebraska;1866;393223;3399;26646;7611;15838;11413;19695;31858;11163;10702;16095;1668;39161;10326;16564;31995;970;6807;3298;23521;11619;31;1012;420;970;1271;779;6116;3211;2176;486;30;1588;936;1482;3079;25;1277;1124;2964;320;43;918;559;1129;886;2636;7825;8421;2176;915;29;1124;574;1668;2188;131;2855;5523;3418;390;43;1439;329;288;308;239;2035;1346;376;294;10;1199;279;416;525;25;967;844;635;161;9;78;22;76;76;237;429;364;111;51;11;112;45;142;178;14;91;70;224;40;;66;25;23;23;18;119;66;39;38;;73;16;42;75;4;22;34;110;22;17;305;98;322;259;135;506;307;436;138;11;418;155;428;604;17;146;126;702;83;141;11;3;2;3;101
Nevada;2381;561502;3500;15029;7622;13176;8961;16081;15052;7926;37764;15926;1560;16976;4480;15364;21715;1209;3082;2966;33547;9993;122;1105;857;2776;2499;1098;4225;2483;12153;1394;83;1938;1117;4604;6930;190;1053;823;11629;1260;287;1997;2160;5324;3617;7599;8635;10651;38312;3578;190;2537;1286;7495;9383;1253;3474;5479;38019;2709;233;3007;1200;1911;1889;1020;2237;1031;13958;1583;170;5768;1305;3739;4485;188;872;557;16285;1547;15;113;102;173;151;340;377;254;713;129;10;229;91;292;435;41;152;160;666;86;18;251;215;433;378;310;662;380;2006;295;13;390;181;700;1045;28;152;136;1656;292;59;672;416;1171;1199;593;679;755;3691;602;44;808;320;1637;2466;76;215;484;3762;545;141;11;0;0;;
New Hampshire;1339;236990;2402;20356;5578;14624;6854;8161;14663;7075;9983;10944;1197;27306;6675;16158;21870;970;5975;2883;18741;7732;10;340;119;328;297;106;516;365;853;122;8;367;120;315;456;6;133;114;875;66;43;421;225;712;343;384;981;626;901;261;13;425;177;1134;848;63;633;286;1143;163;60;1595;208;500;209;129;724;283;349;321;12;1164;201;849;375;46;613;256;540;110;;38;25;42;24;29;43;31;93;32;;38;17;48;54;;26;12;171;20;;31;7;6;;7;42;15;28;10;3;38;12;26;18;;35;9;53;10;15;226;63;144;85;36;117;87;125;72;3;192;50;155;206;8;43;37;199;39;141;11;6;6;;
New Jersey;7287;1526190;17757;96336;21591;55703;23894;30452;37064;26631;35457;75667;7439;121415;18662;55177;71324;2010;11357;11960;51228;52069;521;9886;5047;10332;8615;5088;20513;21230;27596;6090;516;20583;7834;16908;25455;732;6667;10733;46326;6841;787;9917;5138;10212;7606;8070;25996;28442;25467;7950;466;14264;4790;14153;20247;1038;11454;19551;36534;5927;2669;38213;4805;4484;3964;1461;4438;3611;5796;14918;804;34192;4298;5389;6715;251;2329;2834;7086;8246;30;269;85;254;118;150;208;208;312;183;9;427;71;334;293;7;91;155;426;160;53;572;190;211;183;119;303;376;322;220;15;1015;145;274;282;35;219;352;385;165;118;1925;515;1462;779;351;1056;1615;1739;852;85;2241;516;1847;2100;71;388;978;2274;834;141;11;0;0;;
New Mexico;1274;230572;1116;14391;5148;5022;3840;4066;3826;1923;4641;5590;557;14940;3119;5344;8545;141;488;509;6709;3674;20;518;319;402;523;146;311;235;829;268;14;605;231;372;682;;32;35;873;156;262;4832;4065;6011;4845;5346;6044;5342;9092;3073;213;9436;3477;7477;12063;221;1466;1484;16505;2315;37;1101;286;187;153;71;136;44;275;187;12;983;194;267;268;16;83;22;441;92;26;410;415;771;786;1351;997;832;1460;294;15;834;439;1600;1582;91;375;206;3387;208;;45;27;33;31;22;20;14;73;20;;106;16;39;50;;4;3;98;20;19;415;226;464;405;131;184;211;430;119;9;563;157;414;643;5;34;103;618;135;141;11;3;4;;
New York;14408;3238651;43895;248048;48115;93323;61521;75753;83899;48090;83665;148035;20864;287449;44397;97685;177599;5553;24502;16836;139204;116669;1280;24264;10681;22459;22176;11042;26345;25341;76186;12316;1565;53055;16133;34399;58394;1562;8173;10626;128407;16185;1798;24036;8690;19340;17626;12962;26470;27183;58094;14974;1202;33240;7584;27794;46989;1774;12361;16336;80817;13514;3964;61688;7886;7449;8553;2795;5998;4031;14411;21246;1882;64554;6067;10037;17230;702;2681;2143;18928;17143;40;697;246;526;371;503;680;659;1285;402;32;991;266;862;1005;39;227;201;1559;334;69;950;279;438;446;162;345;471;1321;384;60;1352;393;654;731;36;149;157;1813;405;382;5680;1077;3345;2622;794;1589;2584;5719;2302;272;7575;1059;4732;6098;121;577;2640;7615;2465;141;11;0;0;;
North Carolina;8694;1617947;15169;111613;30661;65314;28242;63510;78019;34122;37174;76436;5666;122380;29695;61037;85438;5897;24818;12983;63181;41985;566;12559;6744;19019;15593;13534;49598;33126;30720;9192;608;25200;13576;32207;49784;2702;24346;17519;56239;8636;355;5129;1854;4224;2701;9335;13195;15653;6943;3434;194;4491;1330;5191;6423;1052;8267;9610;10028;1640;639;13805;2001;1624;1149;1570;3959;2188;1495;3689;157;9133;1277;2059;2077;386;2543;1252;2123;1490;57;574;311;558;324;1073;1432;829;538;425;27;1030;606;845;1025;81;747;634;1203;302;12;331;85;120;90;121;230;170;182;89;6;329;79;202;294;21;87;94;334;72;90;1640;468;1572;1065;666;1231;1154;1732;707;41;1940;566;1945;2593;80;453;684;2720;558;141;11;0;0;;
North Dakota;821;139052;1197;8501;3491;5551;3093;9917;11513;5418;4419;5766;579;15414;4340;5545;12185;520;2245;1866;13580;3957;;189;112;461;558;344;1090;757;889;57;;153;204;452;423;19;156;179;1502;20;15;136;140;176;107;965;512;900;246;126;5;213;86;270;287;24;138;301;505;65;8;354;64;97;66;105;233;136;278;50;;316;69;165;145;20;136;87;460;31;15;62;37;107;89;303;260;218;145;57;12;101;75;163;161;32;106;90;410;33;;13;4;10;8;22;25;21;32;6;;19;13;18;21;;3;8;57;5;5;67;32;85;56;125;137;124;117;32;5;117;46;120;150;8;27;56;253;23;141;11;7;6;;
Ohio;11533;2242285;23251;171384;48218;85750;51714;103974;168783;89794;71202;108372;9494;221201;56493;90759;164345;9397;49299;45027;142420;67795;486;8951;4634;10269;10871;6868;29412;22744;28907;5540;459;19455;10335;16571;38134;2362;11330;12688;51277;5638;375;4218;1528;2981;2024;3529;8840;9042;6987;2683;120;3958;1350;3766;4966;469;3490;5407;7147;1609;984;13170;1066;1424;1346;813;2871;2759;1629;3274;264;9320;1074;2026;2458;257;1985;2308;2590;1500;28;313;128;258;183;383;544;408;301;226;20;407;122;306;428;33;181;195;559;139;17;290;68;138;105;100;253;496;198;130;11;303;106;189;203;18;106;162;469;68;96;1788;510;1926;1340;645;1852;1914;3367;794;51;2323;828;2423;3178;191;649;1125;4804;679;141;11;0;0;;
Oklahoma;2858;500806;4289;32907;11800;17418;13578;26272;30587;14305;14469;20381;1482;37893;10119;18031;36312;1503;5443;6346;22762;11558;79;1798;1198;2086;2720;1769;5653;4185;5281;1128;42;3238;1775;3349;6961;312;1238;2240;8624;884;79;1598;1068;1495;1303;4521;5680;6346;4142;1255;41;1625;775;1941;3154;251;2022;3516;6101;619;63;2050;744;488;518;650;1615;1336;698;374;16;1956;565;651;807;104;798;777;1120;228;199;1652;994;1336;1276;2544;3684;1827;1427;1219;125;2637;1093;1829;3333;193;992;1029;2723;758;7;68;32;56;165;84;427;268;190;50;4;107;52;92;163;13;126;223;177;37;45;870;375;769;756;543;822;715;792;391;20;1155;351;998;1696;61;196;334;1353;248;141;11;0;0;;
Oregon;3354;607485;5910;49120;15545;26119;15966;27639;39117;20811;21171;26003;2825;54228;11892;26279;43488;1850;8796;6382;35293;16513;89;1305;509;957;779;624;1980;1364;1826;559;38;1196;312;762;1486;50;564;353;2205;314;143;2556;1464;2789;1948;4330;8652;10390;5296;1734;81;2695;1044;3220;4389;502;3357;5863;7698;929;222;8652;1674;1012;907;1290;2762;1462;1273;1676;112;6712;1140;1280;2343;224;1831;876;2520;908;23;265;180;278;220;456;678;453;309;187;16;362;117;422;515;32;190;139;589;132;22;223;126;245;214;258;609;651;440;144;9;252;115;317;448;26;256;253;817;90;97;1400;528;1101;808;676;1084;830;1117;544;57;1735;468;1088;1870;93;359;286;1685;406;141;11;0;0;;
Pennsylvania;11967;2396242;25133;180193;51556;85294;53784;106528;148616;81744;83654;115985;10384;255333;64995;92082;179051;6802;38598;31012;158519;78225;469;10985;5256;8642;10510;6152;20557;16719;38490;5772;507;24086;10754;14087;33329;772;5674;6445;62462;6721;530;5534;2647;4458;3854;5745;20154;17108;11704;3739;220;7267;3185;6099;10199;1104;8034;11616;15901;2391;1035;19130;2227;1891;2021;1837;4456;2454;3681;4720;278;17290;2378;2505;3517;1033;2427;2155;4754;2640;30;320;126;233;132;273;387;261;344;218;15;469;147;242;352;23;103;125;481;139;30;397;160;131;111;106;242;195;270;141;14;473;118;185;255;12;178;69;586;107;96;2009;541;1481;1378;626;1671;1632;2532;797;65;2973;902;1904;3204;117;575;880;4244;620;141;11;0;0;;
Rhode Island;876;173880;1651;13667;2963;4527;4435;5483;6229;3579;9562;7489;806;21728;3316;5113;14976;325;1986;3000;14936;6383;18;584;216;293;486;285;765;704;2019;257;13;1052;339;399;1055;31;236;462;3096;215;33;633;397;440;653;706;1482;1782;2176;331;33;1098;339;755;1817;93;1000;1865;3160;236;42;1525;122;120;128;151;419;119;289;276;18;1177;94;173;420;27;229;181;449;146;;20;16;22;19;37;41;30;51;18;;36;9;31;60;;9;19;143;10;;105;12;6;9;7;20;17;31;19;;69;15;7;32;;19;15;50;17;;204;52;94;143;41;119;163;384;65;6;346;67;139;359;10;40;125;606;79;141;11;4;7;3;121
South Carolina;3890;733030;5803;42654;16135;26461;11495;36135;42096;15701;16898;31256;1764;49437;14645;26806;37790;1938;11707;6185;23957;15839;166;4257;3715;8581;7229;10791;35785;19797;15103;4330;182;10382;9162;18383;27534;2151;19282;13612;29825;4360;103;1511;684;1351;1002;2270;3611;3293;1586;1082;39;1383;514;1610;2032;176;1842;1964;2171;543;137;2603;401;367;307;438;876;702;345;669;23;1987;377;637;673;46;653;475;650;303;14;157;76;118;68;385;249;128;119;95;6;146;63;159;175;28;97;67;171;66;;98;46;64;44;57;126;51;64;45;;104;36;107;104;5;62;28;125;42;26;487;269;569;440;298;596;488;595;266;11;657;263;727;1142;20;241;367;1008;195;141;11;5;2;3;101
South Dakota;784;137096;1264;7904;2835;6394;4757;6171;9413;4077;4316;5386;807;16245;4134;7131;15874;542;3019;1547;11951;4481;9;99;58;173;291;125;872;890;450;52;4;73;92;229;256;9;241;451;714;20;23;120;243;233;233;298;837;807;337;112;6;134;120;255;557;48;353;587;537;65;12;190;37;90;92;64;670;472;143;45;10;159;37;177;209;11;305;349;313;30;7;35;28;99;110;129;361;204;236;44;6;82;55;235;299;7;134;46;572;41;;8;5;14;7;7;26;7;14;3;;9;;11;26;;14;15;25;7;7;60;12;109;115;34;117;46;109;34;;91;32;137;244;10;55;16;237;20;141;11;7;5;;
Tennessee;6002;1249540;11583;71909;26441;48932;29169;52923;93758;46222;36459;55089;4657;94593;29646;50340;87978;3853;26928;22915;58723;33875;339;6041;4253;7587;8440;7069;33671;24452;20907;5657;286;15461;8004;12967;31866;1619;14122;17034;38219;5751;246;2136;1096;2109;1300;2778;7077;6353;5494;1641;103;2158;696;2173;3655;256;3168;4249;6945;974;336;4615;580;570;512;474;1963;1444;770;1646;65;3880;711;809;1207;123;1112;1043;1151;632;24;256;83;244;112;182;401;223;373;177;12;237;78;250;297;14;109;165;265;98;15;243;69;95;111;56;212;132;126;118;;172;33;118;201;;95;102;168;55;54;889;228;1004;1191;348;952;950;1089;532;23;1134;387;1222;2759;34;381;615;1644;390;141;11;5;2;4;116
Texas;22845;4427565;40276;278579;72014;122484;68257;116650;105200;54284;81996;186282;12984;245943;49337;109623;176932;6113;16463;21119;121201;94551;1326;30454;15471;28759;32594;24332;61072;48107;54092;18730;1030;57191;25942;47361;96240;2562;14805;24933;99404;17473;4026;57279;35305;69344;56233;127020;125926;116390;117344;47388;2281;68184;29543;91684;131510;6176;34405;44129;164202;26938;2732;80881;8786;8718;7240;6106;10646;6743;7610;31097;649;55939;7088;10130;11334;723;5058;3549;10509;9172;130;1778;885;1035;655;1252;1218;660;1189;1110;73;1757;441;1295;1633;109;269;295;1492;572;62;1261;441;510;692;508;937;730;982;581;25;1428;331;821;1189;37;319;337;1542;368;369;6450;2049;5133;4714;2614;3052;3208;6040;3216;159;7001;1826;5588;9943;214;759;1616;8270;2212;141;11;0;0;;
Utah;2477;513249;5706;44624;13746;26229;23885;22168;32039;15094;17899;26351;1345;32238;11189;23792;47981;1107;7265;6007;25653;11487;23;671;285;654;891;613;3006;782;768;304;8;426;240;478;1096;28;387;268;744;172;176;2017;1313;2830;3576;4612;8143;7270;4563;1624;50;1710;1084;3527;7647;291;3979;4655;5985;934;101;2543;468;601;820;645;1929;792;853;639;42;1791;508;827;1440;112;1450;573;1128;352;17;148;146;236;246;421;476;364;250;102;9;166;141;328;619;57;253;239;541;64;21;209;149;273;503;344;1106;893;493;178;6;169;121;423;1295;23;305;486;554;96;44;713;267;730;786;413;671;486;710;369;16;577;225;645;1333;32;186;190;948;189;141;11;0;0;;
Vermont;490;86539;1063;7316;2541;3981;2295;2978;6867;3154;4360;3852;620;11844;2489;4540;8449;538;1956;815;7724;2971;10;121;39;95;77;28;135;92;274;34;3;102;24;95;72;;18;29;307;25;13;177;33;70;55;24;97;76;162;54;9;289;19;74;119;3;31;19;277;37;11;335;32;50;29;25;197;71;177;44;6;256;37;97;84;;95;31;312;23;;17;8;22;6;4;31;25;21;11;;22;4;28;19;;7;;30;12;;9;;7;3;;3;4;6;3;;12;;;8;;;;13;;4;65;21;49;23;14;52;35;72;23;;108;18;43;51;3;23;9;71;16;141;11;21;17;;
Virginia;8276;1492480;16305;139673;29370;46423;25297;50172;50922;25992;34503;71981;6443;130741;24120;44677;74656;3151;13303;9847;48011;42788;727;21674;7998;16239;13570;14724;27444;23783;30232;9460;612;31368;12020;23002;43682;1878;10093;11639;46256;9187;442;8444;2461;4763;2847;6490;6271;10422;13158;3871;236;7550;1769;6460;7081;686;2154;5397;16298;2377;1528;25593;2925;4436;2811;1493;3045;1866;4274;6317;498;20596;2495;5882;5585;222;1528;1287;5229;3564;48;589;231;245;128;282;312;181;304;245;13;549;159;313;383;19;76;71;363;165;36;615;215;221;182;223;261;174;372;200;18;570;146;276;421;8;67;60;408;141;121;3801;801;1803;1183;699;790;1065;2446;1041;72;3881;792;2105;3177;82;296;551;3260;910;141;11;0;0;;
Washington;5967;1185393;10744;116007;24289;40282;23835;48919;58904;30346;37658;54103;4676;98192;18688;45549;68933;2676;12853;10898;56933;31819;153;4197;1529;2582;2399;2143;6152;6169;8959;1746;106;3833;1406;2831;6220;161;1167;1783;10208;1183;286;6559;1961;4072;2806;6172;11170;22241;9415;3412;170;5319;1696;5680;7450;661;3520;10375;13445;1965;794;37148;3701;3477;2784;3252;9348;5082;6964;7804;354;23499;3195;5114;7683;479;5138;3715;11840;3691;49;760;257;517;265;885;1034;769;739;363;44;807;234;773;897;85;284;348;1142;267;38;673;332;567;488;762;2062;1767;1158;342;23;745;359;982;1407;52;791;930;1948;313;149;3462;785;1906;1747;1176;2024;2113;2604;1123;92;3505;802;2446;4406;117;521;914;3660;915;141;11;0;0;;
West Virginia;1230;219640;1356;11599;5705;8332;6944;13783;18688;11190;11745;9472;729;23430;9814;10943;19288;692;3574;4602;24338;6135;20;280;202;365;467;240;651;848;1458;206;10;475;238;477;916;16;142;371;1665;131;12;178;69;112;113;234;203;491;248;106;18;383;129;140;246;4;65;302;333;67;12;527;57;54;42;8;40;61;154;90;;368;69;98;98;;17;69;229;59;;24;14;28;14;23;40;29;50;22;;35;17;26;36;;8;18;62;11;3;52;3;5;7;4;8;7;13;37;;16;6;12;19;;5;7;46;4;11;88;31;150;128;40;93;121;210;47;3;123;68;138;199;3;31;63;306;25;141;11;9;7;;
Wisconsin;5922;1188304;12601;88262;26130;43022;27093;63165;114531;52005;29464;55189;4907;121311;34134;46472;98681;4082;32708;24311;69006;36572;158;2292;951;2840;2498;1696;10665;6518;7218;1350;176;4739;2105;5102;8008;221;3526;2844;14815;1226;220;2381;1145;2303;1695;2919;12370;9781;5312;1700;69;2945;1171;2991;4701;320;4676;5481;6694;957;223;6380;778;986;890;912;4865;2801;1161;1519;78;4536;839;1411;2204;129;2245;2098;2097;726;28;211;129;202;159;434;920;564;344;197;17;382;153;358;503;34;302;241;673;145;13;134;38;66;53;54;192;119;90;63;8;162;29;74;123;7;90;79;200;52;26;755;194;740;454;306;1135;837;720;270;23;922;309;988;1116;25;362;495;1437;245;141;11;0;0;;
Wyoming;378;56129;413;2481;1436;1905;1197;7302;5434;2295;3302;3030;171;3046;1285;3100;3329;311;722;699;4799;1406;;44;32;43;44;47;67;80;178;42;;15;20;45;36;3;14;14;134;13;14;99;114;170;117;847;482;700;580;142;5;126;110;327;275;31;75;184;753;74;6;54;19;28;18;17;36;23;101;20;;43;21;60;43;3;8;26;221;16;5;15;18;34;24;86;56;34;66;21;;16;20;55;37;8;15;6;87;7;;7;;7;4;14;12;15;15;5;4;5;4;17;19;;;3;22;3;4;18;17;59;34;48;41;174;72;45;3;22;20;67;57;4;12;32;90;15;141;11;7;8;;
