CBSA_code;TOTAL_UNITS;TOTAL10;WHM1;WHM2;WHM3;WHM4;WHM5;WHM6;WHM7;WHM8;WHM9;WHM1_2;WHF1;WHF2;WHF3;WHF4;WHF5;WHF6;WHF7;WHF8;WHF9;WHF1_2;BLKM1;BLKM2;BLKM3;BLKM4;BLKM5;BLKM6;BLKM7;BLKM8;BLKM9;BLKM1_2;BLKF1;BLKF2;BLKF3;BLKF4;BLKF5;BLKF6;BLKF7;BLKF8;BLKF9;BLKF1_2;HISPM1;HISPM2;HISPM3;HISPM4;HISPM5;HISPM6;HISPM7;HISPM8;HISPM9;HISPM1_2;HISPF1;HISPF2;HISPF3;HISPF4;HISPF5;HISPF6;HISPF7;HISPF8;HISPF9;HISPF1_2;ASIANM1;ASIANM2;ASIANM3;ASIANM4;ASIANM5;ASIANM6;ASIANM7;ASIANM8;ASIANM9;ASIANM1_2;ASIANF1;ASIANF2;ASIANF3;ASIANF4;ASIANF5;ASIANF6;ASIANF7;ASIANF8;ASIANF9;ASIANF1_2;AIANM1;AIANM2;AIANM3;AIANM4;AIANM5;AIANM6;AIANM7;AIANM8;AIANM9;AIANM1_2;AIANF1;AIANF2;AIANF3;AIANF4;AIANF5;AIANF6;AIANF7;AIANF8;AIANF9;AIANF1_2;NHOPIM1;NHOPIM2;NHOPIM3;NHOPIM4;NHOPIM5;NHOPIM6;NHOPIM7;NHOPIM8;NHOPIM9;NHOPIM1_2;NHOPIF1;NHOPIF2;NHOPIF3;NHOPIF4;NHOPIF5;NHOPIF6;NHOPIF7;NHOPIF8;NHOPIF9;NHOPIF1_2;TOMRM1;TOMRM2;TOMRM3;TOMRM4;TOMRM5;TOMRM6;TOMRM7;TOMRM8;TOMRM9;TOMRM1_2;TOMRF1;TOMRF2;TOMRF3;TOMRF4;TOMRF5;TOMRF6;TOMRF7;TOMRF8;TOMRF9;TOMRF1_2;CBSA_LABEL;i;SUMCOUNT;MISSCOUNT;SMALLEST;INDEX
10420;761;133470;1673;10188;3454;6249;3392;6162;9018;4832;4663;6484;821;13892;3239;5993;11435;421;1845;1956;7602;3882;33;413;293;768;593;408;1667;1337;1964;294;30;1028;552;1248;2312;167;409;813;3624;262;20;194;180;182;72;156;223;187;326;104;8;159;52;137;190;12;58;72;237;57;37;527;112;96;67;68;315;368;198;121;13;393;62;100;125;40;179;150;108;66;;13;7;20;10;18;21;21;20;11;;24;13;16;27;;6;8;31;10;;10;7;10;3;7;14;22;10;5;;24;5;11;5;;;10;47;;5;84;30;130;68;41;91;114;263;42;;136;48;165;195;4;28;43;291;32;Akron, OH;141;7;9;;
10580;800;159300;1451;13820;5508;7469;3813;6685;7973;4547;5702;7088;760;17947;4706;7034;12534;337;1593;1300;9106;4998;20;530;439;921;715;285;911;1002;2172;257;21;899;671;1131;1843;26;243;318;3712;248;20;452;308;428;310;220;456;453;619;193;13;451;201;546;668;23;127;139;973;130;63;2230;355;258;211;118;312;158;393;374;17;1484;311;372;361;5;139;108;531;125;;24;29;45;15;36;65;47;49;11;3;42;25;61;57;;13;9;101;13;;15;11;31;20;6;59;49;35;6;;43;23;34;27;;30;17;37;9;5;177;98;193;147;63;129;175;232;50;5;217;127;254;338;8;49;79;428;31;Albany-Schenectady-Troy, NY;141;8;5;;
10740;705;132001;647;8755;3075;2834;2736;1810;1684;1230;2932;3181;317;9602;1869;2511;5766;83;248;293;3564;2154;15;359;209;222;379;82;204;177;583;172;8;481;143;172;524;;25;25;558;99;175;2947;2298;3153;3202;2883;2886;3104;4806;1776;114;6139;1902;3460;8068;149;911;922;7697;1332;31;622;240;113;126;54;119;32;225;128;6;644;151;157;206;14;82;17;324;68;8;221;206;298;389;406;339;455;695;74;8;554;237;536;904;29;118;111;1322;80;;29;15;21;21;13;10;13;51;9;;79;7;14;42;;3;;71;14;12;285;151;258;303;64;93;182;289;80;9;404;108;207;514;3;22;91;413;97;Albuquerque, NM;141;3;5;;
10900;760;158493;1286;9802;3014;6463;3073;6302;10377;4454;6055;6990;618;15736;4658;6378;12612;640;3306;2008;9186;4501;15;341;167;384;353;280;1699;896;1271;222;17;605;411;496;1086;63;480;406;2051;171;32;442;287;654;610;593;4052;2273;1950;404;17;739;498;972;1878;105;1971;1929;2736;280;32;922;103;135;78;90;198;154;429;172;11;750;121;190;177;9;126;156;480;114;3;17;4;14;7;14;31;22;27;18;;22;5;14;25;3;8;10;22;5;;48;5;9;8;;36;17;12;15;;48;5;6;12;;13;4;16;5;4;71;24;128;102;79;259;184;176;65;3;112;36;170;254;9;156;70;269;46;Allentown-Bethlehem-Easton, PA-NJ;141;4;5;;
11260;382;61535;590;5128;1670;1990;1189;3926;2272;1837;2739;2456;291;4264;731;1880;2929;116;410;514;3447;1413;13;154;105;169;170;81;175;215;578;95;8;161;53;208;276;;42;28;627;75;22;198;122;188;156;224;235;230;727;107;12;197;49;242;318;4;60;68;761;84;11;245;139;319;365;96;386;404;868;83;10;411;124;600;649;6;98;120;1370;119;35;215;196;140;135;442;244;343;284;99;25;239;47;214;556;19;69;90;412;94;4;60;40;102;123;55;143;183;181;23;;41;14;181;227;5;61;57;345;33;10;102;77;222;102;118;89;127;251;46;6;171;43;218;229;11;24;46;374;37;Anchorage, AK;141;4;2;4;36
11460;340;61522;828;6394;1700;2506;1204;2445;2657;1612;2300;2940;312;6675;1499;2095;3725;269;956;506;3529;1850;19;293;148;362;297;227;988;517;1202;134;10;445;246;556;707;24;586;172;1988;139;29;236;55;108;90;251;182;186;354;87;8;161;46;110;120;7;103;44;238;73;58;792;41;93;62;22;87;35;81;185;10;631;58;106;101;20;43;13;109;99;;17;9;9;6;8;15;6;10;6;;29;11;8;22;;4;6;19;;;18;4;9;3;;4;5;9;5;;39;11;7;14;;4;;15;3;4;93;21;76;37;48;75;42;100;29;;62;16;98;78;;36;18;120;28;Ann Arbor, MI;141;10;11;;
11540;296;56198;558;3441;1288;2323;1494;4737;5779;3277;1604;2587;218;4836;1535;2466;5043;240;2193;1502;4246;1533;;28;16;22;41;74;112;98;89;15;;21;57;35;40;39;33;31;98;9;8;32;22;74;38;106;316;386;181;40;3;40;15;86;96;3;169;185;204;21;4;73;30;56;40;43;382;166;70;20;;77;29;84;89;5;224;155;124;15;;5;5;11;7;41;43;32;19;11;;10;4;8;20;;18;17;38;6;;;;5;6;3;8;11;6;5;;;;5;6;;5;6;6;;;16;6;22;24;18;18;31;27;7;;19;8;28;36;;9;20;54;6;Appleton, WI;141;13;17;;
11700;376;65423;492;3253;1647;2677;1439;2789;5121;2457;3841;2396;298;5961;2363;3481;4734;219;1850;712;7440;1785;10;98;73;119;110;111;511;285;676;87;21;166;134;233;335;12;187;63;1045;72;16;93;67;105;85;273;544;417;372;114;8;95;43;151;174;35;377;412;600;47;3;104;20;29;14;19;76;16;48;34;4;116;27;63;38;4;68;12;116;20;;9;14;15;5;15;18;9;23;6;;19;4;12;21;;9;3;41;4;;8;;;;4;35;8;47;6;;13;11;5;3;;7;;84;;;32;12;42;21;16;44;45;139;32;;50;25;70;45;4;21;6;168;18;Asheville, NC;141;13;13;;
12060;5660;1203188;13480;93082;20020;45337;17012;30547;29146;18738;19412;59602;4537;76678;11323;32824;45471;1373;5924;10301;33375;31610;730;19674;8257;21259;16266;11699;42461;29111;29908;12843;913;41358;14604;34556;51608;1884;16650;15786;45626;13718;439;5424;2155;5142;2438;5565;6737;10773;5544;3785;203;4798;1095;5408;5374;439;3058;7371;6459;2161;877;15979;1672;2606;1367;1217;2940;2264;1419;5588;226;11058;1090;2610;2485;371;1269;1562;2747;2255;25;351;117;191;88;136;237;141;249;241;7;314;78;236;214;14;45;115;226;98;24;320;120;144;89;118;220;159;177;121;5;350;100;154;253;6;83;79;346;101;93;1902;526;1911;901;482;840;1002;1457;875;53;2560;611;2206;2799;65;344;794;2264;738;Atlanta-Sandy Springs-Roswell, GA;141;0;0;;
12100;198;51306;293;2025;1051;1050;484;1408;902;766;3409;1590;144;3182;856;1316;1821;86;425;315;3909;1454;5;165;139;328;197;180;308;464;1874;169;9;320;131;702;628;20;113;142;2239;204;13;125;101;220;127;152;282;563;2869;217;6;231;83;345;364;14;88;404;3300;187;15;329;54;225;59;22;51;37;1696;187;7;615;62;283;131;7;17;21;1761;137;;7;5;5;4;8;;4;61;9;;8;;12;7;;;;62;9;;12;;6;;;;;16;6;;22;7;4;4;;;;28;8;;19;13;36;19;16;27;28;143;29;;49;28;57;46;;19;17;176;23;Atlantic City-Hammonton, NJ;141;17;20;;
12260;434;89223;515;6901;1674;2075;1081;4540;3885;788;1616;3681;177;6236;1616;2282;3445;265;722;207;1922;1553;32;881;623;1238;1312;1832;4203;1973;2513;643;35;2296;1695;2723;4975;364;2326;949;4549;783;13;281;83;126;94;351;253;370;188;119;8;224;55;177;223;52;146;157;241;54;13;372;39;29;35;49;61;16;34;67;3;272;54;59;70;19;56;20;56;34;6;42;10;6;8;30;17;5;20;13;;25;7;21;19;3;4;;26;7;;19;;11;7;3;11;6;9;6;;20;5;15;16;;5;;7;16;;72;39;70;74;1772;60;30;96;30;;122;36;130;188;194;15;7;124;33;Augusta-Richmond County, GA-SC;141;7;9;;
12420;1944;357474;3902;35009;7886;16696;8530;5161;4577;2963;9020;16965;1342;28595;4204;11133;15348;197;958;854;11103;9183;93;2062;1256;2030;2029;792;2163;1640;3247;1001;62;2515;1335;2181;4329;60;747;440;5054;762;280;6105;2983;6299;4475;7213;5735;6247;9424;3306;151;5651;2023;6965;9062;241;1839;1341;13254;1908;258;9495;807;923;630;189;572;245;751;1687;60;5318;552;779;972;23;430;155;1002;697;7;182;70;102;55;51;47;28;86;80;4;213;38;101;103;3;15;7;94;37;5;133;39;48;57;16;37;30;91;61;;123;30;52;112;;20;9;105;40;53;960;321;666;445;172;196;191;639;341;23;804;217;549;846;8;61;107;839;230;Austin-Round Rock, TX;141;4;2;;
12540;462;92305;504;3068;1861;1424;922;2935;2043;1228;1021;2483;189;2536;933;1822;2852;170;292;383;1416;1006;12;178;145;257;200;215;348;284;283;124;8;274;140;324;416;47;137;131;512;101;62;789;1244;1606;1299;3823;5686;12201;2022;1315;52;1034;777;2733;3318;231;1400;8204;3038;512;22;664;201;115;116;124;243;326;234;124;19;1316;241;155;206;73;66;400;369;125;;32;25;24;18;47;39;31;22;17;;37;19;44;41;7;5;10;44;14;;24;16;23;15;14;41;31;31;15;;50;29;26;43;6;7;21;27;8;6;98;86;122;92;92;109;75;128;61;5;115;61;165;183;13;13;16;222;25;Bakersfield, CA;141;6;4;4;101
12580;2762;538549;5358;44418;10533;14818;7980;13665;13527;8495;12645;23531;2240;51283;9258;12778;26248;810;2947;3110;18353;15146;265;7238;4357;5937;5568;4208;12952;12506;18430;3607;329;15533;8980;9550;19210;402;4374;6624;28769;4473;115;1967;798;813;721;2609;1913;4371;3155;1177;51;1935;539;940;1691;118;538;1545;3842;584;230;5923;959;713;663;399;1105;828;988;1311;97;6192;1027;933;1205;61;577;526;1170;749;8;178;56;60;41;76;84;64;113;64;8;238;83;93;152;;27;36;201;55;9;157;55;38;42;54;58;66;79;54;;165;49;57;104;6;28;27;109;31;41;1004;286;465;380;235;401;781;771;314;16;1432;392;628;1026;26;132;468;1101;286;Baltimore-Columbia-Towson, MD;141;6;2;4;96
12940;724;139147;1298;8032;4409;2553;1533;15718;5025;2469;2157;6134;496;8928;2659;2305;6364;541;568;574;2693;2209;83;812;1063;1784;1457;5756;4754;3313;3361;837;70;2662;2761;4164;5467;311;1071;1052;7631;810;21;292;313;87;73;5223;636;885;224;226;6;230;69;146;233;261;52;109;258;71;11;402;188;89;55;192;57;44;81;100;6;338;74;104;101;6;16;14;87;43;;35;61;16;6;131;39;9;18;16;;40;19;10;35;10;;5;27;13;;15;11;8;;60;24;11;13;10;;22;14;10;9;4;;;18;;5;67;50;47;31;128;61;65;71;47;7;107;50;79;105;17;9;28;124;16;Baton Rouge, LA;141;7;9;;
13140;332;58496;283;2532;1704;1121;858;6914;3022;1139;951;2891;104;2223;1208;1658;2571;237;266;222;1910;876;5;207;218;452;386;1701;1310;870;1180;359;12;520;664;1249;1388;142;236;327;4060;238;15;197;224;160;114;2779;480;987;421;316;3;256;153;231;330;152;268;200;467;224;4;193;47;46;26;236;92;46;27;46;;286;34;57;35;6;6;5;53;23;;20;16;8;6;51;17;9;5;20;;10;4;12;6;4;;;17;;;14;7;3;3;6;8;;;5;;11;;4;;;;;9;;3;28;39;31;29;104;36;116;49;27;;27;17;43;45;6;4;79;48;17;Beaumont-Port Arthur, TX;141;14;17;;
13820;1004;197153;2368;14713;3610;6415;3431;8608;8671;3505;6263;9655;688;17602;2963;5026;10605;260;1307;1329;7855;4820;87;1691;1130;2109;2164;2261;6541;4911;6416;1281;90;5037;2910;4435;8904;239;1932;2206;10304;1392;29;353;160;159;149;816;651;1180;916;216;15;276;55;163;424;22;205;432;705;94;25;632;52;58;49;12;57;28;84;118;3;528;67;93;107;6;21;14;103;48;3;41;9;16;16;35;77;18;129;30;;40;10;24;31;;7;6;47;9;3;23;;5;9;8;16;7;56;7;;24;6;10;20;;5;5;19;7;10;116;35;73;60;38;102;72;158;51;;141;30;90;176;3;32;80;207;36;Birmingham-Hoover, AL;141;6;6;;
14260;564;101654;973;9204;2976;5150;4543;3393;5822;2807;3787;4962;337;8553;2255;5196;10771;127;1314;887;5887;2611;7;105;65;118;164;33;169;110;249;53;;56;58;87;127;;16;28;212;19;29;392;281;485;630;668;1782;1600;733;329;14;358;280;673;1332;63;418;1136;1208;189;20;785;99;104;94;36;177;101;124;151;5;446;60;147;167;3;136;52;194;62;;37;17;35;43;46;68;35;48;32;3;30;9;78;109;;17;6;85;11;;14;11;29;32;17;30;41;29;10;;22;6;33;62;;14;12;66;11;14;132;47;123;169;41;102;89;98;41;;143;51;135;286;5;30;25;139;35;Boise City, ID;141;7;8;;
14460;5346;1186659;16605;135874;20763;53195;22994;25507;26506;15276;35108;69206;7573;158568;21712;46366;72322;1834;6420;4709;51545;51376;286;6688;3214;4935;3961;1979;6043;3817;19345;2486;222;11276;4821;5235;11013;183;1176;1733;28025;2454;372;6231;2337;4607;3421;2897;7365;6723;17048;3208;223;7306;2128;6172;9075;758;2913;3987;19562;2387;1089;25874;2404;2649;2309;1055;3523;1169;3003;6013;383;21749;2173;3597;5045;470;2529;1019;4857;3974;24;263;74;152;80;105;88;70;267;119;13;292;54;164;203;15;55;22;371;90;12;396;78;137;62;48;113;47;176;147;9;411;50;134;168;9;34;38;265;83;100;1981;363;892;673;196;361;459;1592;667;55;2291;422;967;1527;33;113;387;2131;556;Boston-Cambridge-Newton, MA-NH;141;0;0;;
14500;366;63148;894;10104;1990;3965;1115;1045;1366;625;1548;3956;367;7379;1299;3170;3519;89;465;291;2510;2494;7;170;73;258;47;37;86;58;104;73;3;113;16;287;60;4;42;15;116;39;32;526;260;595;204;360;681;396;537;305;25;461;176;750;657;21;401;250;949;225;24;977;146;167;89;54;317;73;132;179;3;652;98;177;116;24;309;49;267;101;3;40;14;29;10;16;16;16;12;11;;37;9;33;21;;8;;14;9;;19;13;14;3;4;4;;11;7;;23;11;23;19;;6;;19;14;12;151;33;119;39;9;42;19;68;58;4;131;44;136;81;4;10;8;84;39;Boulder, CO;141;5;8;;
14860;907;182135;4137;18523;3624;7572;3144;4070;2487;1505;3536;12672;1711;18857;2533;6717;9943;337;1022;716;4540;8689;69;1274;717;1263;776;450;1570;1011;3016;620;70;2356;1074;1620;2546;105;613;604;5339;677;109;1468;615;1263;672;574;1366;1588;2342;866;67;1835;496;1634;2192;87;996;1250;3196;624;325;4265;301;337;210;176;292;174;319;1317;99;2861;231;431;480;43;285;167;437;767;;47;10;21;11;5;18;10;22;25;5;67;3;32;32;;8;8;20;16;3;85;7;25;16;;11;52;36;19;3;85;15;34;35;;6;51;49;21;21;290;83;191;89;30;49;62;191;111;13;290;81;233;239;;25;49;229;77;Bridgeport-Stamford-Norwalk, CT;141;7;5;;
15380;1061;216552;2113;14928;5488;9629;7058;8789;11488;6242;7387;9986;1162;23921;5659;10906;19395;570;3094;2241;13334;7407;28;669;353;969;1367;472;1960;1478;3668;402;42;1838;916;1677;3719;65;1107;479;7391;447;26;315;100;378;386;227;612;472;608;214;8;450;147;554;837;29;240;174;1026;127;45;1052;330;186;153;89;287;209;596;227;12;791;238;262;285;12;134;129;561;127;;58;25;42;41;80;95;90;49;27;;98;35;72;108;4;25;24;138;26;4;20;7;15;12;3;19;37;55;6;;25;6;13;27;;6;6;21;;8;151;43;174;183;28;115;118;322;64;4;213;48;260;388;;47;50;437;73;Buffalo-Cheektowaga-Niagara Falls, NY;141;8;6;;
15940;416;75451;741;4164;1980;2768;1673;4449;7189;3561;2763;3209;322;6552;2116;4023;6429;288;1446;2720;6447;2480;4;146;84;291;202;205;712;647;361;86;8;285;138;600;657;24;174;710;809;92;10;53;79;47;30;80;187;616;72;56;;48;14;55;77;4;24;347;63;21;9;142;16;11;9;8;29;164;21;40;4;97;17;32;28;7;16;152;33;16;;13;4;13;8;16;34;19;8;7;;8;5;8;10;;5;5;9;;;6;;;6;3;6;6;6;;;5;;7;5;;3;5;13;3;;43;12;50;48;17;67;89;59;31;;52;18;83;92;4;14;90;116;15;Canton-Massillon, OH;141;16;14;;
15980;450;63694;462;2170;851;4554;1278;1535;1561;1150;3154;2229;234;3282;1096;4522;4014;55;377;394;3816;1797;4;167;122;750;481;194;435;504;1251;139;5;371;392;1031;966;16;56;235;2313;127;28;332;174;1149;416;744;955;1257;1503;360;14;399;200;1761;1294;37;274;341;1721;246;16;167;12;113;26;19;18;14;69;51;6;166;39;167;70;;21;23;86;41;;8;;13;7;11;12;4;17;3;;7;3;30;17;;;;29;6;;6;;13;3;;3;7;20;;;8;7;18;18;;3;3;37;4;;36;18;104;86;32;28;43;99;24;4;75;19;92;145;;8;17;101;14;Cape Coral-Fort Myers, FL;141;13;15;;
16300;300;66974;483;7853;1636;3370;2690;2669;5764;1664;1793;3105;231;7635;1723;3249;6621;175;2023;503;2863;1715;5;170;48;160;187;59;1438;257;285;70;;189;86;187;383;4;262;89;346;30;9;179;31;89;96;69;478;208;198;64;5;132;24;89;172;3;80;136;115;40;10;481;26;45;70;9;109;33;35;52;4;265;27;63;115;;30;22;63;29;;17;;11;11;11;28;3;12;7;;16;;10;23;;15;4;13;3;;13;9;8;4;;14;13;10;4;;13;;3;10;;28;9;17;;;57;16;75;43;15;144;30;67;24;;52;16;65;149;;42;12;73;14;Cedar Rapids, IA;141;16;16;;
16700;618;101291;915;7744;2437;4468;1709;4773;3903;1586;2647;4968;302;8187;1627;4138;5443;233;743;453;3333;2640;23;683;616;1432;1077;1534;2955;1695;2399;553;28;1151;963;3547;4918;317;1483;941;4619;588;11;310;97;173;86;309;160;302;155;152;;221;61;233;274;28;65;114;319;89;15;358;84;65;50;138;103;46;83;82;3;326;56;159;154;16;83;42;143;46;;37;16;25;8;40;35;15;16;16;;27;11;30;31;7;14;5;27;12;;40;14;20;12;18;15;13;8;11;;17;10;28;14;3;8;4;16;7;7;129;61;118;99;73;75;60;81;76;;145;40;155;295;6;22;53;138;38;Charleston-North Charleston, SC;141;8;6;;
16740;2649;499983;5750;38118;9740;21810;10397;18876;20787;9320;10274;28803;1804;32594;6342;18599;25978;2129;5340;4186;15879;14674;180;5081;1841;6011;6767;3947;14121;9575;9381;3466;145;8767;3417;10179;21012;871;6013;4323;16435;3423;136;1848;541;1530;1183;3140;3437;3635;2275;1397;42;1511;326;1632;2515;338;1532;2621;2909;674;385;4656;1068;470;545;801;1193;1186;493;1859;75;2753;546;520;949;242;717;604;672;632;19;157;43;125;69;151;165;109;112;102;3;131;37;145;148;12;49;48;116;43;5;94;33;39;28;26;53;31;34;43;3;130;20;61;105;16;17;19;73;26;46;562;140;613;473;201;376;327;434;305;14;656;139;666;1107;42;116;205;768;210;Charlotte-Concord-Gastonia, NC-SC;141;0;0;;
16860;502;100779;756;5292;2401;3342;2985;5306;8804;5128;3412;3951;305;7091;2451;3538;7755;260;2624;2620;4862;2294;10;271;231;379;615;443;3131;2251;1361;276;7;630;484;763;2028;105;987;1618;2334;255;10;143;218;113;85;111;887;729;438;83;;129;52;108;202;8;181;454;337;51;21;251;35;32;28;29;229;89;58;58;4;200;41;50;65;;67;76;66;28;4;11;6;15;14;11;47;35;15;8;;13;10;8;20;;23;23;18;4;;5;4;3;8;4;16;11;15;;;14;5;6;9;;3;6;13;6;4;56;13;64;57;26;170;130;84;28;;80;35;74;133;;32;84;145;19;Chattanooga, TN-GA;141;10;10;;
16980;9492;2012133;24598;151033;27157;73982;32157;57538;62942;30474;42203;103218;9305;168436;22988;65815;94436;2710;13083;9573;62317;68686;633;12090;4588;12057;10465;8398;30068;24287;30426;7779;731;27661;8993;22866;37039;943;11409;12175;60777;9453;1311;13258;6511;14518;10176;19132;47049;44733;37932;11732;575;17709;6394;20155;27354;1805;19893;28192;40665;7926;2663;32473;4510;4597;3848;1930;5416;2559;5870;10386;691;32188;4323;5013;6768;399;2504;1472;8908;6599;38;344;102;237;131;260;413;228;356;242;19;426;103;310;304;25;148;99;398;168;51;751;203;217;240;124;270;190;336;254;19;1001;173;219;365;12;114;101;546;187;160;2741;533;1737;1168;571;1387;1156;2051;1202;89;3294;558;2494;2589;47;439;675;2859;1033;Chicago-Naperville-Elgin, IL-IN-WI;141;0;0;;
17140;2438;498588;6368;44648;10283;20821;13589;22436;28843;15991;17975;26811;2444;51434;10494;19747;40134;2192;7380;6905;28496;16661;136;2296;990;2489;2284;1887;6792;4693;6561;1507;125;4592;2020;3307;8343;699;2632;2389;11378;1467;104;1291;234;502;390;1005;1722;1962;2167;900;40;896;184;502;937;159;552;1367;1769;488;334;3458;287;316;357;185;680;636;331;950;94;2319;297;458;586;63;409;590;538;499;10;73;24;41;37;70;71;59;76;56;8;71;20;65;102;7;20;34;82;36;;79;13;27;28;26;80;52;57;50;;72;49;47;53;11;27;25;113;18;22;491;106;412;260;154;340;360;540;215;9;471;141;489;679;61;116;243;736;152;Cincinnati, OH-KY-IN;141;5;2;3;111
17460;2258;433760;4810;36418;10541;16358;9680;15055;24194;11745;12229;20883;1759;45742;10494;15191;30293;1132;5995;5406;29076;13116;110;2054;1440;2056;2277;1678;6622;5045;8364;1192;118;5721;3909;4012;10494;531;2394;2488;15650;1489;90;1023;492;794;566;733;2123;1840;1293;522;23;1084;472;869;1504;89;907;1064;2148;315;114;2566;249;211;235;152;520;378;276;574;37;2255;253;247;452;21;444;343;648;293;;55;34;46;32;58;76;46;58;31;;103;28;48;90;5;29;11;192;27;4;69;18;33;21;21;42;30;61;27;5;72;21;30;38;;18;12;88;20;13;348;137;251;248;97;294;326;856;145;8;497;225;363;602;24;79;122;1405;135;Cleveland-Elyria, OH;141;6;3;;
17780;195;64936;386;1896;440;1120;468;551;837;775;958;1878;90;2326;577;1109;1182;39;74;154;1610;910;15;164;43;198;117;167;569;609;410;150;7;272;151;378;414;52;70;361;1240;124;45;260;88;456;146;497;787;841;828;217;15;241;164;602;462;130;144;603;976;110;135;14960;15;33;16;8;12;9;69;13224;9;3669;15;42;21;;;3;74;1353;;4;;10;4;;3;3;27;6;;11;3;5;9;;;;15;3;;9;;4;;;;;3;4;;5;;;;;;;5;;7;101;11;31;13;8;14;11;58;107;;70;5;40;30;;;7;63;31;College Station-Bryan, TX;141;26;26;;
17820;581;101042;752;11020;2026;4283;3644;2231;3248;1866;4694;3971;271;9074;1839;4664;8110;83;1036;486;7388;2540;16;432;149;377;664;137;431;477;813;142;6;428;230;425;1051;16;145;50;1142;139;29;729;321;676;717;596;768;952;1253;390;17;772;243;941;1674;31;325;232;1694;278;14;573;58;95;94;32;183;72;218;103;4;478;89;183;236;4;187;50;445;76;3;54;26;47;52;29;46;29;63;35;;69;15;54;112;3;20;9;114;16;;47;16;36;44;20;33;34;60;10;;89;18;53;88;;19;9;106;13;5;254;80;230;279;46;117;93;293;89;4;253;76;231;594;3;30;24;451;68;Colorado Springs, CO;141;3;4;;
17900;664;129868;967;7241;2509;3682;1784;5659;4484;2406;2910;5044;336;8905;2358;3347;6776;285;748;936;3091;2846;35;1062;923;2124;1897;2641;5351;4692;4091;957;48;3318;3055;3709;7639;366;1937;3170;6226;1155;14;209;83;184;137;473;401;569;197;162;11;301;113;277;341;21;138;264;247;70;12;588;53;61;50;38;73;107;59;124;;440;74;115;117;3;45;66;98;59;;28;16;13;11;162;16;21;21;16;;24;8;16;32;9;5;11;23;12;;13;12;11;3;18;45;9;13;7;;25;8;22;25;;5;;9;3;7;104;41;108;91;72;76;117;190;65;;178;94;150;290;3;24;111;312;51;Columbia, SC;141;8;8;;
18140;2166;454802;4635;40854;8029;20096;13563;14524;23184;15786;14055;24450;1800;46081;8125;17488;33453;1170;5775;6938;20853;15681;139;2821;1142;2891;4346;1300;6423;6190;6641;1546;97;5118;1791;3931;11680;389;2276;3299;9033;1428;83;953;220;921;675;487;1285;1976;2477;628;23;936;198;1243;1276;59;527;996;1662;396;262;4656;290;621;596;236;960;1010;510;1150;90;3117;285;904;1008;93;582;770;767;519;5;96;25;77;65;79;89;101;71;61;4;96;19;74;113;7;26;87;100;35;;67;11;42;29;18;69;92;53;31;;70;12;64;78;;32;49;146;20;26;540;123;606;494;130;408;476;732;245;22;732;204;724;1082;25;150;281;1011;206;Columbus, OH;141;4;3;3;101
18580;354;63082;231;1561;888;801;403;2900;984;1012;1159;1481;108;1910;569;1046;1296;87;81;280;1821;550;10;107;46;93;63;339;183;278;332;99;;152;59;103;154;17;24;77;468;38;51;1007;1087;1755;770;8036;2799;3767;2857;1164;57;1863;1204;2573;2606;140;426;1027;5399;560;;154;25;22;11;35;40;21;56;22;;368;37;79;34;;5;11;112;17;;12;16;6;6;32;13;7;9;8;;15;4;9;10;9;;12;29;4;;5;;4;6;10;7;9;9;3;;12;4;7;4;;;;17;;;39;17;54;27;81;28;40;101;19;;54;30;58;53;;3;6;141;10;Corpus Christi, TX;141;16;17;;
19100;7200;1492901;16298;115495;22495;50635;28551;30035;36894;20650;28333;73036;5579;95743;14678;43519;71958;2445;6487;7854;34012;41567;554;13835;5763;11189;16268;6703;25555;20713;19972;7990;490;24588;9844;18041;48580;1128;6678;10429;30434;7816;997;15112;6645;14107;12568;26336;32296;33732;28914;12015;394;14360;5382;17030;30934;2002;11362;14807;28795;6720;1072;29287;3399;3860;3697;2387;5349;2393;2756;8396;262;20192;2593;4503;5474;399;2905;1291;3203;3320;59;814;194;425;298;353;483;298;446;464;41;788;170;506;752;28;119;143;476;289;27;448;149;184;303;165;442;380;338;261;12;436;115;327;504;15;169;192;459;157;137;2678;598;1891;1501;705;1084;1193;1830;1360;67;2761;599;2019;3756;92;283;664;2363;1011;Dallas-Fort Worth-Arlington, TX;141;0;0;;
19340;396;74510;721;4086;1905;2646;1258;5250;6899;2710;2713;3897;328;6136;2175;3474;5415;393;1503;798;5258;2155;7;183;81;196;166;238;877;814;497;123;3;193;183;343;461;25;327;423;1147;76;24;133;90;193;107;438;962;641;308;171;7;193;131;305;360;65;295;393;551;82;20;152;52;40;14;26;157;338;52;122;3;126;60;79;39;11;38;168;106;45;;9;6;7;5;33;49;25;12;9;;14;6;;16;;9;6;40;10;;;;;;;12;4;10;5;;8;3;;6;;7;;17;;;30;20;61;34;42;76;72;90;29;;56;33;95;79;5;35;27;186;15;Davenport-Moline-Rock Island, IA-IL;141;17;17;;
19380;848;155003;1364;13585;3338;6366;3245;5903;8584;5320;5396;5952;577;17091;4533;6602;11462;833;2821;2924;11842;4212;27;685;339;680;721;457;2180;1901;2124;367;34;1429;782;1189;2719;291;1020;1434;4241;387;36;355;81;175;89;105;285;217;411;123;6;276;60;235;259;39;180;166;435;79;74;954;64;88;67;62;156;65;116;181;13;611;58;153;161;16;158;77;253;51;4;30;7;23;11;14;32;30;27;18;;37;12;27;27;4;11;5;43;10;5;26;5;10;5;4;6;6;8;8;;30;6;11;19;;10;11;30;4;8;189;37;169;96;54;147;121;239;47;3;232;63;165;286;35;68;77;389;50;Dayton, OH;141;5;3;;
19660;350;62256;293;1912;1403;4007;1218;1689;4052;750;2713;2085;156;4557;1958;4413;3844;138;762;251;3976;1317;9;175;209;402;300;175;1193;343;1353;148;5;580;433;692;696;21;323;129;2601;139;11;169;258;527;243;189;2723;234;550;220;3;370;290;631;448;17;278;139;881;111;7;125;46;49;22;30;132;25;79;40;;209;57;114;63;8;46;18;110;20;;11;5;8;4;10;20;3;12;8;;11;8;23;19;;6;3;22;3;;7;4;11;5;5;22;17;28;6;;15;6;10;9;;3;9;42;3;;40;39;73;37;14;72;21;108;12;;89;57;92;82;5;18;13;172;15;Deltona-Daytona Beach-Ormond Beach, FL;141;7;9;;
19740;3206;601814;7070;68843;11609;25406;15361;15819;18871;10423;20473;32824;2813;56623;8943;21548;36846;1023;3281;3428;27232;20991;98;2641;967;1887;2560;957;4169;3158;5130;1136;62;2663;1086;2587;6962;94;794;1157;6932;963;378;4769;2040;4578;3466;7998;9142;10880;9218;3262;269;4893;2088;6423;9158;382;2537;4076;12833;2193;281;5118;783;859;889;386;1464;815;1302;1292;142;3819;729;1156;1672;61;775;353;1903;840;26;350;115;202;137;260;267;209;286;163;10;263;108;268;421;17;79;85;405;118;11;209;64;92;102;78;195;129;245;73;;195;79;117;216;;41;61;322;56;64;1503;428;945;807;426;686;976;1172;579;26;1451;431;1038;1881;39;154;513;1542;420;Denver-Aurora-Lakewood, CO;141;7;2;5;111
19780;723;175841;1628;14782;3603;8871;7753;5826;12023;5187;5372;9388;691;21069;3502;7534;18090;345;1123;1567;10642;6571;37;367;141;449;488;151;1213;1218;1227;198;10;464;177;534;956;6;137;311;1662;111;29;366;160;412;390;490;1804;1277;868;228;17;367;112;448;855;41;232;748;973;146;48;725;273;222;368;170;826;1138;311;243;13;711;192;297;613;18;332;559;450;135;;28;12;23;28;13;79;45;29;22;;42;13;36;65;;9;5;62;13;;20;6;15;15;11;15;34;30;14;;24;4;15;26;;;5;39;5;5;138;34;152;162;36;105;135;133;44;;169;64;166;331;4;23;41;208;47;Des Moines-West Des Moines, IA;141;11;8;;
19820;3681;881732;9569;97989;23589;25988;15765;34787;42661;18393;22896;46148;3461;83709;13610;27269;44620;1687;10760;7893;35720;23908;399;7416;3384;5514;5271;4374;22371;12044;15798;3628;387;15605;5492;10973;21286;579;12007;7796;31669;4412;217;4209;971;1220;804;1255;2376;2451;5614;1743;87;2802;520;1418;1949;104;990;1826;6296;974;649;17927;1674;857;767;343;877;1019;1257;3313;127;10378;843;970;1197;40;375;675;1379;1175;23;326;114;103;108;185;290;117;152;153;9;297;71;121;202;17;110;74;279;78;20;280;57;52;45;54;53;56;137;93;;194;40;55;101;;25;71;147;50;70;1679;375;657;549;251;678;498;1134;510;31;1338;264;886;1350;25;279;324;1604;368;Detroit-Warren-Dearborn, MI;141;8;2;6;111
20500;495;101069;1120;13541;2214;5127;1380;2064;1823;784;1598;5918;444;9500;671;3711;3212;100;630;238;1599;3127;44;1444;636;1687;857;574;2909;1209;2023;632;54;2474;752;2340;2702;152;1644;571;3217;672;23;640;169;380;163;262;472;458;574;268;6;484;64;379;403;20;451;282;759;150;60;2995;156;308;113;53;180;85;191;464;18;1624;80;208;164;10;95;75;176;198;;55;12;23;11;23;10;5;7;19;;48;7;25;19;;5;4;23;12;;27;4;6;;12;5;14;7;3;;17;;5;8;;4;6;16;4;11;206;35;130;48;41;62;40;111;72;3;232;27;142;128;7;37;32;151;47;Durham-Chapel Hill, NC;141;7;8;;
21140;306;66041;721;2054;695;1642;1144;3722;12122;5399;850;2319;133;2530;649;1660;3258;601;3709;2277;2085;1077;10;65;32;57;70;237;837;929;153;55;8;96;45;130;116;88;221;322;399;46;17;55;72;85;93;655;3315;3506;152;170;11;91;50;141;221;122;930;1841;229;63;6;65;14;8;13;36;101;105;19;17;;50;11;20;22;16;82;118;40;10;;4;;;3;9;30;21;4;3;;;;6;5;;9;6;10;;;;;;3;15;23;10;;;;6;;3;6;5;8;6;;;;15;7;20;12;52;152;117;20;13;;21;15;21;32;4;43;57;78;12;Elkhart-Goshen, IN;141;20;21;;
21340;549;89515;200;794;386;454;701;392;604;271;652;771;75;971;232;495;1136;10;94;66;625;418;8;134;66;117;288;55;169;91;237;104;6;155;45;133;339;;36;19;173;53;329;2888;2017;3895;5548;3452;7150;3828;6039;2520;349;4187;1812;5667;9061;176;2961;1926;9348;1719;19;90;18;17;53;6;18;7;28;54;4;155;20;40;59;;14;6;50;31;;6;3;14;14;13;13;11;24;7;;12;6;11;30;;;6;20;6;;5;9;9;12;3;4;;17;11;;12;;6;20;;3;3;16;;7;51;20;73;653;18;27;23;95;39;3;67;13;73;756;;13;14;66;26;El Paso, TX;141;16;13;;
21780;357;68363;744;4452;1568;2793;1439;5662;6333;2505;2321;3147;275;6852;2496;3169;5269;767;1593;1342;4875;2039;11;127;144;186;119;306;652;387;436;103;8;197;250;260;360;94;276;246;795;161;15;72;32;56;24;191;147;205;120;67;;61;27;75;57;134;41;128;108;18;12;197;7;23;13;32;24;288;24;56;4;135;19;35;39;25;14;86;47;32;;10;4;4;;16;25;12;5;6;;5;;11;7;4;;4;17;5;;6;;;;8;19;16;11;;;10;;7;6;;4;5;8;;7;23;11;62;34;32;51;32;64;13;;31;17;46;50;15;22;13;131;9;Evansville, IN-KY;141;16;16;;
22020;316;58401;593;4315;1214;2751;1782;2708;3741;2702;1987;2393;247;7081;1572;2461;6035;156;651;730;4937;1979;;90;62;178;208;89;489;484;390;21;;79;95;237;257;11;100;122;967;5;;49;26;65;49;107;116;224;88;20;;144;23;86;123;5;28;103;179;21;4;230;36;61;39;64;161;112;193;37;;148;26;71;84;17;95;62;270;14;;29;13;19;31;64;63;84;30;10;;36;16;34;46;11;22;19;66;9;;4;;;3;3;3;9;8;;;6;4;;8;;;;9;;6;36;8;39;18;25;31;58;52;10;;45;16;61;69;;8;37;101;6;Fargo, ND-MN;141;17;19;;
22220;445;127546;1475;7402;1481;5139;3445;4066;6544;2994;2512;9326;528;7965;1725;9181;8276;247;1384;1553;4379;5911;43;468;60;718;209;187;1394;461;428;614;21;411;68;2164;464;5;157;197;558;567;47;492;199;874;680;910;2690;2814;711;753;22;504;278;1797;1294;166;1316;3181;1197;507;34;1438;57;173;166;98;251;309;53;566;13;709;68;341;269;20;118;258;109;264;19;125;31;80;107;159;290;203;49;170;;162;52;179;195;6;131;161;97;121;;14;18;36;72;71;407;1064;44;31;;10;16;91;78;10;108;556;168;25;6;166;31;158;97;58;127;85;63;155;4;163;38;278;192;8;32;49;98;105;Fayetteville-Springdale-Rogers, AR-MO;141;4;3;;
23060;459;87154;743;5947;2032;3352;1803;6042;7043;3195;2342;3409;289;9246;2663;3507;7062;404;1671;1438;6394;2733;9;233;99;259;202;228;1050;566;715;141;7;493;402;485;789;26;361;221;2144;189;12;135;60;129;94;167;508;551;322;103;3;158;80;211;280;17;180;319;450;61;3;278;30;34;41;45;294;327;35;35;;190;34;67;69;3;138;126;126;23;4;20;8;7;8;36;19;12;19;7;;23;9;21;12;;9;;27;3;;12;;3;;4;18;5;6;;;9;6;5;8;;6;6;12;3;5;41;23;88;38;41;54;60;87;13;;80;50;107;117;5;17;19;261;16;Fort Wayne, IN;141;13;11;;
23420;579;110828;553;2338;1245;2225;1413;1814;2035;1304;2041;1941;368;3880;1228;1755;3916;35;333;376;2326;1348;12;168;86;243;363;126;442;492;664;109;10;352;158;347;902;3;88;124;689;115;101;1057;1058;2465;1718;2478;5625;13460;3732;1187;141;2592;1243;3203;4894;239;1401;3909;5544;724;54;822;453;436;396;226;709;867;845;224;54;1973;492;549;874;5;250;877;1359;265;;13;18;39;22;27;63;45;57;19;3;43;18;50;63;;15;19;82;9;;78;48;20;35;20;113;28;86;31;;71;12;26;54;;64;13;77;12;11;140;121;122;265;90;107;117;276;62;13;286;103;177;611;4;30;39;340;50;Fresno, CA;141;3;5;;
24340;1174;246453;2907;18919;6257;7238;5285;10490;21827;10269;7763;11409;995;22535;7598;8564;16835;854;8196;5525;13430;6141;37;479;305;426;528;432;3376;1855;1776;340;27;813;680;807;1751;96;1764;1253;2954;236;40;452;389;357;440;901;4381;2590;907;427;19;598;472;587;1111;149;2704;2288;1422;239;45;788;126;89;115;237;1586;546;181;180;16;661;178;190;290;79;1058;721;321;121;8;48;33;29;25;66;173;56;49;47;;69;35;43;61;5;104;45;78;17;3;35;12;8;10;16;109;16;14;11;;27;7;20;14;8;44;15;18;5;7;201;103;131;150;118;642;300;269;103;5;231;143;215;347;60;366;190;447;65;Grand Rapids-Wyoming, MI;141;4;2;3;91
24580;385;78309;728;4443;1371;2892;2255;4161;10071;2954;2083;3271;240;7241;2222;3106;8116;255;2438;1255;5235;2455;3;78;15;65;52;72;1190;293;104;33;;38;45;84;114;;117;77;223;17;3;54;50;104;74;175;1362;1064;188;65;;80;66;156;196;23;480;762;233;21;16;119;42;58;56;60;427;201;58;34;3;132;39;74;148;9;124;188;101;19;;19;6;29;33;62;184;97;95;21;;36;21;65;84;5;57;28;191;28;;5;;4;;4;19;8;8;5;;8;4;6;15;;10;;11;;;25;4;38;32;12;134;49;44;7;;28;13;47;63;;34;19;88;8;Green Bay, WI;141;20;15;;
24660;823;156087;1577;8207;3280;5392;2749;6659;9825;3522;3161;6878;664;10413;2207;4225;9974;495;3109;1190;5402;3746;54;895;595;1657;1958;1502;6335;3773;3262;973;81;2368;964;2757;6752;221;2597;1291;6363;886;28;305;182;289;220;1160;1690;1401;641;257;16;280;79;311;585;150;1301;718;851;146;36;747;115;95;106;257;721;284;211;193;8;587;57;110;208;33;499;150;276;92;;28;19;24;18;38;60;20;35;21;;39;11;27;61;4;28;8;64;16;;24;20;10;16;22;53;31;7;5;;26;6;7;56;;9;22;21;6;;78;56;93;84;75;150;125;143;38;4;118;36;155;307;8;39;28;276;53;Greensboro-High Point, NC;141;5;6;;
24860;836;174241;1665;12436;4366;6689;3080;9076;11309;3911;4256;7438;423;15902;4484;6679;9782;623;3963;1949;5973;3809;41;944;717;1244;1145;1927;6820;4050;2137;680;28;2213;1355;2421;4259;369;4295;2894;3962;620;32;467;249;468;536;778;1247;643;411;300;10;450;164;469;795;74;664;502;548;153;43;734;77;99;61;93;145;57;48;173;8;612;86;138;141;7;111;30;114;79;;29;13;20;17;54;52;24;13;17;;28;10;31;23;3;23;12;26;7;;20;9;7;9;5;17;12;15;9;;27;5;17;25;;9;9;16;6;7;127;72;123;92;52;174;131;103;54;6;129;43;157;216;;86;89;172;35;Greenville-Anderson-Mauldin, SC;141;4;6;;
25060;222;50349;289;2586;1683;1001;1013;5884;1519;940;2686;2464;102;1784;607;1755;2284;370;289;270;3087;983;10;267;229;315;435;2375;1005;801;1516;424;8;489;312;960;957;384;270;324;2546;252;5;50;24;32;33;1018;164;177;157;65;;35;14;76;69;98;22;61;236;32;4;57;14;22;20;172;72;12;305;25;3;45;16;90;70;30;17;16;528;19;;10;12;8;5;29;6;;23;8;;6;3;13;16;;3;;18;;;4;;4;6;13;;18;21;4;;;;11;3;;6;14;44;4;;30;13;25;21;83;21;33;100;16;;21;7;55;45;5;14;5;122;21;Gulfport-Biloxi-Pascagoula, MS;141;20;16;;
25420;718;150134;1251;10010;2986;5432;3390;7175;12548;6435;6733;6885;565;14999;4589;5949;12418;269;2557;2365;9390;4559;16;496;267;434;446;347;1654;1492;1513;262;22;863;483;642;1672;20;269;479;2024;225;20;293;112;213;188;267;871;1312;717;195;5;375;184;305;595;28;177;760;835;123;17;1140;68;161;175;80;328;439;310;254;6;849;139;210;227;8;151;350;387;95;;14;8;14;13;15;40;28;19;14;;32;10;15;20;;10;11;33;8;4;19;3;5;12;7;16;15;15;18;;16;7;7;27;;3;5;25;4;5;122;49;114;85;39;175;222;251;66;3;234;99;174;317;;45;133;355;27;Harrisburg-Carlisle, PA;141;7;6;;
25540;1315;277644;3475;28111;6106;7503;4980;9918;8565;4326;7646;15766;1619;33928;5708;6561;17791;598;3039;1388;12591;11447;88;1910;728;1015;1281;1206;2972;1815;4379;828;79;3343;1326;1454;3873;255;903;634;8615;798;69;1509;639;966;1030;1661;3262;2023;3244;853;59;2104;680;1527;3160;457;1706;878;4603;623;136;3876;355;249;277;497;705;167;299;1066;60;2613;302;296;610;99;466;103;571;525;11;76;17;24;13;75;32;27;48;34;;109;19;39;62;6;14;6;79;27;;38;10;18;11;18;17;18;42;9;;56;20;19;24;5;11;6;130;12;20;374;63;199;198;92;171;171;290;129;12;438;96;188;384;6;65;94;466;109;Hartford-West Hartford-East Hartford, CT;141;4;3;;
25860;351;61260;616;2317;908;2337;1326;4522;7518;2873;1044;2419;181;2890;1369;2563;4385;1294;3433;1563;3029;1327;7;118;47;187;204;249;1088;676;240;99;3;128;98;296;585;107;552;350;569;74;7;114;32;108;64;632;830;724;223;57;3;40;30;129;152;122;485;604;277;33;16;131;39;54;35;147;612;227;45;57;;99;40;67;101;40;336;205;62;26;;4;6;11;6;5;14;4;;6;;;4;8;13;3;9;4;16;6;;6;;;;4;9;12;;;;;;3;7;;6;4;17;3;;17;8;26;32;12;58;35;28;7;;18;6;33;67;3;20;16;70;4;Hickory-Lenoir-Morganton, NC;141;14;17;;
26420;5975;1186954;12787;85271;22530;27629;12001;38979;22354;11206;19210;58501;3390;63324;10096;22046;36306;1360;2222;3342;30611;24159;488;10910;6095;10445;7693;10395;19744;13470;18643;6595;298;22489;9339;17672;28139;620;4169;4905;33852;6424;1187;16843;10788;16026;9104;48440;30932;27871;27842;12814;416;16490;6074;20516;25698;1702;6318;7829;34922;6155;1084;23252;3744;3169;2132;2676;3290;1735;2911;6760;274;21477;3128;3515;3510;185;1166;798;4500;3256;41;508;454;227;108;464;249;112;222;302;15;381;101;298;271;36;37;47;327;138;14;459;144;141;144;200;238;124;313;141;5;489;76;212;235;9;55;31;582;113;108;1695;639;1458;705;920;731;815;1548;841;32;1864;487;1617;1828;66;130;364;2256;549;Houston-The Woodlands-Sugar Land, TX;141;0;0;;
26620;470;81210;932;14511;2718;2466;1430;2691;3451;1680;1799;4130;226;6712;1184;2338;3752;222;1165;831;2297;1663;28;1174;378;799;937;409;1649;1229;1561;405;20;1244;507;1441;2104;64;887;828;2693;339;18;467;73;86;68;126;179;344;279;112;3;208;34;90;154;10;51;113;211;45;24;508;39;31;37;24;63;13;47;101;11;268;26;61;78;11;76;25;53;22;8;126;34;15;24;43;45;18;40;54;8;71;6;24;53;5;16;3;21;17;;35;3;7;11;10;32;10;41;7;;25;6;10;26;;9;;37;;5;222;43;60;67;35;53;40;108;51;4;111;22;104;132;5;23;21;85;31;Huntsville, AL;141;5;5;;
26900;2194;458143;4383;34761;9890;17691;10650;18830;27516;16082;13439;20777;1760;44937;10128;16685;31333;1156;7244;8235;21329;12765;151;2274;1230;2471;2832;1832;8210;8204;6070;1650;116;4783;2526;4340;10707;369;2910;4727;11307;1619;83;1009;490;736;636;1219;2721;3539;2863;729;53;1184;369;836;1498;664;1235;3038;2542;496;179;2652;396;327;261;191;2024;1762;305;614;40;2231;328;517;547;72;831;1143;462;367;5;81;42;60;37;65;116;111;126;47;;112;45;77;107;12;36;67;98;33;9;67;25;15;24;18;31;59;31;26;;65;28;41;42;;22;51;53;12;26;481;208;417;311;138;363;616;624;177;15;682;215;472;801;27;117;400;870;175;Indianapolis-Carmel-Anderson, IN;141;4;3;;
27140;494;91238;936;3418;1397;2184;978;2905;3597;1381;1090;3315;304;5808;1377;1268;3784;60;379;308;1278;1505;61;806;722;1889;1365;1445;7571;4699;3288;982;63;2874;1748;3265;5280;150;3262;3123;6301;964;4;62;34;36;33;182;398;848;96;87;4;67;25;36;95;35;87;629;64;15;8;120;11;23;5;18;25;5;11;38;;110;21;30;32;;12;5;27;14;;10;;4;3;11;43;26;37;10;;9;5;;12;;6;28;7;;;6;5;;;;6;3;4;;;22;3;;3;;;3;43;;;22;9;36;12;9;24;35;30;26;;23;16;36;58;;6;26;47;12;Jackson, MS;141;20;21;;
27260;1404;289675;2313;17280;3984;11023;8706;10318;10712;5328;9042;13008;855;23101;3960;10027;21358;442;1961;2078;11401;8711;81;1951;979;2668;3774;2269;6290;4530;6719;1633;48;5339;1994;4220;13920;160;1804;1732;11638;1714;90;1465;439;1230;1374;1152;1308;1127;1446;842;32;1723;379;1483;2983;66;337;485;1752;597;70;2057;335;462;589;376;606;385;742;576;22;2368;345;648;1115;71;456;161;987;360;4;76;32;50;40;51;91;30;89;59;;113;22;55;93;;12;10;89;37;5;70;31;63;81;62;68;66;99;38;3;91;25;71;128;3;15;13;116;30;10;365;127;476;364;115;226;346;427;188;5;430;98;505;868;11;68;215;536;149;Jacksonville, FL;141;3;2;;
28020;274;58295;589;4772;1606;2340;1197;2239;4432;2321;2252;2804;231;6424;1859;2238;4008;150;1260;1021;3542;1670;10;158;103;238;206;84;697;513;601;119;12;268;181;352;540;8;256;259;1132;73;9;99;56;81;69;69;302;606;171;83;9;132;52;126;156;3;145;415;302;36;13;269;25;33;24;8;62;23;29;52;6;229;38;42;45;;30;18;57;33;;6;7;8;6;14;23;9;18;5;;17;9;12;16;;9;;20;3;;14;5;3;;;11;;3;;;6;;6;7;;4;;3;;5;46;34;54;399;20;64;74;120;28;;41;23;71;80;;35;53;146;16;Kalamazoo-Portage, MI;141;20;17;;
28140;2360;478023;5202;42491;9389;19697;11849;18974;25649;14838;15896;23284;1866;46623;7306;18471;33996;984;5776;13234;20715;14756;111;2404;1046;2191;2493;1603;6995;5804;6584;1342;117;4181;1628;3599;9604;188;2653;3445;9944;1151;125;1800;518;1307;1015;1888;3110;3062;3987;1032;65;1791;421;1748;2727;155;1220;1875;4245;619;101;3572;371;432;426;294;961;486;643;632;39;2549;329;712;885;57;621;416;903;334;17;184;53;113;84;208;257;160;137;110;9;212;46;124;228;11;64;105;182;73;7;63;28;40;83;53;164;123;125;38;;115;21;76;159;;54;91;197;37;35;690;170;499;510;234;511;481;733;254;26;728;161;617;1262;19;189;333;988;175;Kansas City, MO-KS;141;5;2;5;116
28940;811;159458;1204;12673;4965;6488;5069;8737;12488;7641;6075;8308;450;16437;5454;6820;14696;518;2691;2971;10341;4641;18;449;208;431;483;349;1301;910;1145;308;11;803;318;525;1409;20;336;320;1687;256;23;273;112;161;152;346;756;480;461;191;5;234;90;176;373;13;284;229;516;78;28;619;48;60;66;20;62;35;43;167;7;430;53;87;116;4;61;30;114;54;;43;21;23;18;42;80;25;72;34;4;39;10;28;43;5;6;14;30;19;;28;11;6;9;3;21;11;10;10;;14;5;10;38;;7;7;18;4;5;95;34;125;85;56;87;99;146;66;;122;61;131;185;3;34;77;235;30;Knoxville, TN;141;3;5;;
29180;384;61148;804;2803;2452;1680;1223;5671;3447;1971;1557;2962;322;3806;1123;1764;4291;228;336;283;1691;1309;35;220;456;664;479;1238;1626;1551;1027;342;38;808;621;1757;1949;268;326;468;2796;418;11;86;117;51;34;735;240;447;93;79;7;79;29;74;91;43;25;67;145;50;9;159;44;13;20;182;90;52;16;35;10;139;54;47;104;19;43;17;48;28;3;12;21;3;;41;21;11;6;5;;10;4;16;18;;;4;16;7;;11;;;;10;;;3;4;;4;;3;4;;;;5;4;;27;22;29;18;32;22;28;35;12;;32;13;45;39;;5;3;62;14;Lafayette, LA;141;22;18;;
29460;436;90006;477;3382;1374;3093;1935;2994;6095;1930;2398;3109;203;5635;2142;3847;5959;149;1159;634;3774;1805;13;330;220;584;497;522;2855;1377;1221;314;24;1082;693;1159;1724;58;856;683;2688;282;24;571;368;825;636;681;2835;1953;1036;482;27;768;373;1105;1509;52;986;731;1394;263;9;344;47;59;53;28;99;52;78;73;6;427;77;108;93;5;78;28;155;36;;12;7;13;19;16;41;13;28;8;;27;14;24;21;;13;6;31;8;;35;10;11;17;22;13;15;20;13;;21;6;20;15;;10;8;22;4;5;71;34;100;71;34;288;88;135;47;4;101;83;107;168;;96;39;187;29;Lakeland-Winter Haven, FL;141;6;7;;
29540;538;100941;1136;5587;2080;3253;1949;6256;8922;3305;3663;4376;356;8185;2716;3623;7331;490;3209;1792;9002;2600;11;167;118;145;118;197;998;463;584;99;5;267;185;185;277;24;302;310;995;79;7;166;172;247;203;784;2295;1190;694;174;5;293;299;423;632;76;975;804;1429;96;13;252;86;49;50;166;593;274;98;71;4;257;104;89;97;7;389;263;208;32;;8;9;4;4;13;21;11;15;8;;8;4;10;12;;11;;16;;;;8;4;3;3;22;5;7;3;;6;4;10;5;;9;;25;;4;39;25;54;36;43;157;66;105;19;;87;39;66;109;8;49;50;252;25;Lancaster, PA;141;14;12;;
29620;339;73227;574;4702;1731;2177;2764;2143;6703;3584;2735;2974;255;5040;2328;2542;8463;193;2083;1011;3987;2175;7;200;96;292;217;125;945;1170;553;162;18;265;156;339;698;9;560;523;781;143;8;132;77;105;162;100;528;476;267;100;4;161;114;207;496;15;311;186;383;73;15;374;84;71;126;30;314;260;116;81;;194;81;75;178;10;267;47;132;53;;11;9;7;10;12;34;38;14;6;4;20;11;12;42;4;15;14;29;10;;3;;4;;;12;5;4;5;;8;3;;9;;5;;;;3;57;21;67;57;11;76;45;101;33;3;71;29;80;140;6;34;17;136;33;Lansing-East Lansing, MI;141;11;12;;
29820;1727;440407;2743;10304;4659;9413;6368;9047;7841;3915;31515;11734;1210;10900;2630;10871;15338;764;1420;1248;26403;7544;111;1003;782;2637;2331;1020;3861;2160;11646;1284;81;1812;1064;4445;6629;180;966;709;11119;1195;249;1624;1576;4513;2948;5700;5505;7619;34356;3009;161;2041;930;6335;7700;1060;1990;3532;33450;2401;209;2521;988;1686;1649;873;1609;678;12743;1387;161;5096;1090;3305;3926;139;407;324;14468;1421;10;74;60;123;91;156;144;71;582;86;6;161;46;186;286;17;43;51;465;59;14;225;188;389;345;263;513;269;1823;272;11;323;147;628;914;20;112;95;1405;266;52;562;318;1035;1030;422;439;499;3388;525;37;634;245;1425;2124;58;136;356;3409;493;Las Vegas-Henderson-Paradise, NV;141;0;0;;
30460;532;98970;904;5748;2081;4909;2659;5743;11759;4671;3196;4870;307;7276;2479;4468;6789;301;2539;2014;4677;2275;11;214;142;520;423;266;1928;1147;1190;279;11;294;257;808;1135;66;727;667;1650;153;11;120;72;138;105;176;506;648;465;95;4;128;33;157;208;18;195;310;515;48;29;280;30;70;43;19;112;204;74;89;4;228;26;92;107;5;49;158;154;42;;14;5;12;10;8;35;22;15;7;;7;5;14;9;;13;11;18;;;3;;7;3;;16;17;12;4;;5;4;6;10;;10;10;20;3;;58;17;94;50;23;93;140;124;33;3;66;28;135;127;4;39;81;173;18;Lexington-Fayette, KY;141;9;10;;
30700;333;72808;598;4921;1581;3368;2305;3192;7727;2594;2757;3059;324;7678;1791;3084;5709;214;1216;574;6153;1976;5;97;47;120;89;67;1111;333;363;61;3;141;69;135;140;4;154;85;446;31;10;121;39;145;134;289;622;742;309;126;8;172;57;162;252;8;212;232;462;41;10;166;63;65;81;121;511;239;112;61;;179;45;81;142;12;336;104;194;30;;13;4;13;15;19;73;22;20;10;;20;3;28;32;;19;14;45;4;;7;5;5;;6;17;10;13;4;;14;4;6;5;;7;7;29;3;6;61;19;62;44;20;139;84;157;28;3;103;35;81;96;10;38;41;242;19;Lincoln, NE;141;7;8;;
30780;633;120629;1022;8084;3059;4316;2494;5925;6368;2254;2945;4719;412;12340;3081;3661;7490;351;1066;728;4980;2743;27;716;592;1607;1410;951;3594;1920;2971;583;19;2101;1223;2667;4653;119;1269;907;6380;513;9;206;102;245;178;397;376;210;529;158;6;201;77;393;456;15;111;85;504;78;13;394;85;63;67;38;58;30;104;92;4;317;101;115;115;7;40;20;110;29;5;39;15;23;16;58;49;7;52;23;6;39;10;26;26;;12;8;32;13;;20;;13;12;3;13;7;6;8;;6;11;18;10;;8;4;31;8;3;120;42;127;85;52;72;60;106;34;3;174;77;154;209;;22;38;178;31;Little Rock-North Little Rock-Conway, AR;141;7;6;;
31080;10956;2123650;20270;104033;20899;53422;29481;25085;19649;11910;35378;68908;8086;89327;12475;50400;67442;1562;3376;4437;35035;45285;615;8749;3716;10018;8193;3909;10162;6877;18798;5314;561;14271;4058;13126;24730;336;3444;3013;20107;5684;2554;28751;19569;48643;34886;47881;81771;80093;95506;27171;1569;37305;13570;61005;84162;4017;27622;34429;96761;18304;3474;56404;13468;10133;13757;7428;12203;5667;16607;18599;1710;63980;11442;10714;26115;2159;5791;2930;16728;15558;55;588;264;520;353;449;424;276;596;380;30;698;212;607;737;29;96;117;647;282;140;2106;1022;899;1122;712;995;600;1786;900;104;2778;721;954;2342;66;312;346;1801;845;602;5563;1613;4339;3242;1741;1870;2966;6695;2395;372;6154;1266;4790;7109;145;471;1454;8223;2152;Los Angeles-Long Beach-Anaheim, CA;141;0;0;;
31140;1404;325682;2560;18753;5971;10100;7974;12194;25461;17035;8624;15865;1091;31356;6396;9874;25373;1781;7336;8915;14800;11789;77;1160;640;1456;1747;934;7228;6658;4015;1248;72;3567;1166;2328;7340;248;3227;2881;6478;1241;52;597;176;312;345;870;1617;2396;1320;573;22;936;150;368;1128;95;881;1333;1365;341;44;1681;96;200;204;92;577;598;206;387;17;1078;109;312;444;34;230;406;300;278;;49;22;31;28;37;92;63;76;50;;59;20;43;100;4;46;38;58;24;4;58;19;29;30;17;71;63;57;35;3;86;10;26;56;3;15;41;106;20;4;233;94;216;206;57;444;411;386;183;9;463;102;309;587;31;218;265;603;139;Louisville/Jefferson County, KY-IN;141;4;2;;
31540;759;163229;1837;19546;4166;6517;4335;6543;10161;4323;4499;7397;825;22503;5512;5529;13584;484;3077;1626;8722;5415;14;335;147;355;286;162;979;554;953;123;7;467;232;527;638;23;318;250;1539;79;30;499;174;395;231;298;1230;905;1015;180;9;438;151;378;520;51;433;452;896;84;40;2181;190;260;185;80;453;142;325;247;7;1398;222;315;396;26;234;83;548;143;3;43;16;28;18;31;46;25;22;25;;47;21;28;67;;11;12;48;11;3;34;4;7;6;6;22;12;16;8;;30;;12;16;;15;;67;7;;237;48;146;77;37;121;63;137;57;;256;99;149;214;5;48;29;258;35;Madison, WI;141;13;8;;
31700;471;82175;953;9189;2329;5084;2813;3087;3386;1782;2799;4261;400;9310;2869;4796;7304;428;1782;788;4984;2472;3;161;64;128;112;43;249;214;245;42;;140;76;112;128;5;63;78;326;23;15;193;156;270;130;173;517;256;367;106;6;189;126;358;363;20;432;155;512;55;26;919;126;191;118;73;304;112;90;188;7;533;124;287;143;16;237;82;137;49;;13;7;14;7;7;8;10;6;9;;11;7;16;15;;9;;16;5;;13;3;3;;3;11;8;15;6;;12;5;9;;;8;3;18;;4;85;27;57;31;12;38;33;46;24;;64;20;60;69;3;15;24;71;16;Manchester-Nashua, NH;141;10;12;;
32580;342;58436;84;235;61;175;174;46;109;68;269;206;34;396;130;212;270;3;7;50;235;141;;46;14;20;46;10;26;17;157;18;5;70;20;17;25;;3;3;95;5;161;1825;1460;4433;3738;1847;3124;2444;4709;1532;199;3658;2232;5591;5813;49;585;1204;7367;1003;7;265;42;22;33;8;7;6;23;23;;838;37;17;29;;;3;19;21;;4;;4;8;;3;;43;11;;8;;;3;;;;24;4;;15;5;;6;;;;7;;;25;7;7;6;;;;6;;;18;14;30;31;;3;3;38;9;;38;8;40;28;;;3;76;5;McAllen-Edinburg-Mission, TX;141;20;31;;
32820;1284;275232;2194;15145;3667;6814;3434;6800;8495;4408;4016;10047;744;16818;3688;4575;10136;362;1375;1691;4821;5818;133;2581;2085;3618;3751;4227;16734;14519;10419;3195;130;8196;4296;7367;15572;1681;8404;11338;20099;3425;53;523;199;369;200;557;1101;1329;479;354;14;401;87;260;579;105;502;905;408;197;61;1412;187;119;120;184;313;164;164;507;16;1212;203;162;243;113;216;106;218;187;;96;18;33;12;38;61;27;94;38;;58;15;19;32;6;19;43;32;14;8;124;15;16;17;15;26;30;17;63;;23;8;17;28;;15;21;25;11;12;160;70;188;95;87;166;175;208;87;3;250;103;223;300;20;64;142;323;71;Memphis, TN-MS-AR;141;4;4;;
33100;4726;870225;6445;29793;5953;21128;10368;7693;7053;5068;16247;22274;2344;34097;4343;19428;27577;464;1437;1603;16656;14578;286;6133;3647;14796;10348;5356;13989;12698;28818;4386;278;18953;7173;22781;28589;231;3546;4528;39548;4583;2126;21056;8718;24740;15791;14502;20045;19811;31810;15222;1095;28989;6732;30576;38744;776;5815;9116;31061;11683;263;4200;668;1298;1474;511;485;346;1637;1480;116;4840;609;1705;2779;38;192;130;1441;964;11;121;42;129;97;82;90;40;150;78;4;158;34;203;175;3;17;13;159;50;15;179;89;174;125;63;65;61;198;75;11;289;49;194;251;7;40;31;251;51;115;1098;312;1120;1132;385;777;492;2055;771;51;1654;298;1334;2612;23;440;239;2047;596;Miami-Fort Lauderdale-West Palm Beach, FL;141;0;0;;
33340;1859;367133;4703;31951;8613;14321;7590;14989;19782;7477;9031;18843;1878;43175;8607;13032;26342;678;4534;2780;15722;13169;100;1472;604;1897;1685;1045;5234;3144;5230;858;146;3756;1526;3693;6423;114;2401;1399;11205;982;116;1196;507;1062;855;1234;3999;2641;2422;800;38;1739;541;1363;2628;106;1377;1500;3303;543;105;2732;278;291;291;340;1327;723;348;881;46;1947;266;439;779;42;685;460;568;378;12;65;37;60;37;89;139;76;85;61;11;140;56;101;150;5;51;24;147;52;7;50;15;25;16;21;40;18;27;24;4;64;13;20;43;3;13;12;30;23;12;294;73;302;164;111;289;229;259;110;9;388;100;417;477;10;92;167;603;134;Milwaukee-Waukesha-West Allis, WI;141;0;0;;
33460;4099;895233;10948;95277;19935;43773;23252;33226;40569;19061;26371;48885;5031;109318;19182;33924;64391;1740;10000;8218;43541;36751;165;4081;1967;3481;3197;1408;7457;4630;10171;1425;96;5429;2287;4489;6950;149;2101;1793;14851;1151;217;2362;778;2266;1232;2115;4169;3488;6949;1396;61;2696;606;2069;2744;155;1700;2105;5721;849;348;9142;2027;1691;2203;1686;7185;2522;2851;2319;152;7944;1697;2147;4656;205;4833;1769;3995;1501;20;278;116;241;129;371;377;230;360;154;16;421;126;281;436;29;113;110;531;127;6;138;59;105;70;70;173;111;121;74;3;161;42;91;157;6;69;51;242;43;52;1223;327;949;694;329;621;530;1185;435;28;1563;348;1061;1610;58;184;285;1878;393;Minneapolis-St. Paul-Bloomington, MN-WI;141;0;0;;
33660;310;71698;486;9584;1714;1167;1230;4721;2593;914;959;2215;153;5994;1529;1272;4200;152;322;224;1736;1111;9;1550;335;609;1293;1445;1630;984;1384;284;11;2452;890;1552;5349;136;515;459;3775;330;7;387;34;25;82;668;96;107;42;50;;222;19;43;204;49;11;29;83;12;9;206;44;15;33;233;60;39;27;19;;139;39;28;62;8;20;21;36;6;;82;7;4;13;95;47;14;13;10;;56;7;19;60;9;20;;30;7;;11;6;;;9;4;3;6;3;;16;6;;6;;;;5;;3;123;5;11;37;47;35;13;28;7;;84;11;32;123;;6;8;56;6;Mobile, AL;141;13;16;;
33700;298;56650;242;1299;686;1239;539;1323;2325;1293;850;1568;101;3260;975;1750;2413;72;670;597;1935;994;6;77;48;76;51;46;195;150;133;71;4;206;90;123;195;;81;61;222;60;31;321;379;896;415;1160;3642;3338;989;505;12;763;588;1665;1457;78;1477;2726;1890;291;9;513;171;146;86;114;419;320;180;141;4;1121;283;231;245;3;186;319;487;124;3;14;4;24;11;19;40;23;16;5;;31;14;37;36;;13;16;41;14;;23;31;28;21;17;97;45;49;27;;47;47;53;41;;13;28;140;15;4;83;54;87;48;168;105;109;120;60;;179;81;123;214;;27;48;242;55;Modesto, CA;141;9;8;;
34980;2037;445492;5507;27653;8164;23906;9960;13327;25836;12398;13270;22090;2358;38730;9615;22397;34691;792;6602;6592;18498;15030;135;2449;1312;3071;3280;1658;10155;5932;7479;1767;141;5695;2499;4519;12262;256;3527;3302;11333;1914;125;987;403;1237;669;1081;2456;2335;2127;783;59;1246;349;1312;2017;89;1273;1476;2296;473;177;1966;280;319;255;261;1304;845;413;758;37;1760;399;421;678;59;682;619;515;309;13;80;30;144;49;57;118;64;148;69;6;100;26;156;154;;37;52;96;45;4;82;34;58;66;29;106;41;64;39;;105;12;54;89;;45;31;61;29;32;494;82;506;856;115;363;377;435;331;16;607;133;601;1938;17;164;223;606;247;Nashville-Davidson--Murfreesboro--Franklin, TN;141;4;3;3;96
35300;671;123260;1304;7054;2949;4554;2229;3415;3876;2137;4094;4948;564;14023;3024;3781;7853;147;1384;860;6989;3679;39;505;485;755;625;346;1315;977;2603;299;42;1553;976;1239;2074;41;598;487;5827;385;37;435;373;662;486;598;1772;1486;1513;353;25;936;421;992;1429;74;1061;840;2395;258;50;786;204;117;75;72;351;54;139;235;14;1133;170;123;189;14;416;57;269;170;;9;15;12;6;18;30;11;17;8;;25;10;19;26;;16;5;53;10;;17;10;11;5;11;33;13;23;11;;36;11;13;13;;12;12;88;6;6;74;45;130;88;25;83;111;181;38;4;170;83;136;172;;29;51;349;47;New Haven-Milford, CT;141;4;7;;
35380;1003;179877;1544;10450;3627;3887;2147;10599;6596;3129;5469;8180;597;13118;2907;3745;7634;312;478;682;5197;3322;125;1383;769;2160;1682;4073;5580;4349;9098;1427;119;4106;2225;5911;6357;316;1518;1405;13976;1181;66;523;217;363;243;3271;620;943;784;467;33;763;216;541;697;259;95;204;1110;199;20;556;154;117;75;225;234;93;403;124;9;612;151;167;208;21;138;46;394;87;6;50;27;29;13;78;63;34;48;39;;57;18;30;40;4;5;9;57;4;;27;8;8;7;19;11;5;23;9;;18;11;22;26;;;11;25;8;24;152;63;100;57;123;101;112;261;86;12;210;72;170;180;9;15;55;343;48;New Orleans-Metairie, LA;141;7;5;;
35620;14700;3375672;48933;250333;37390;92588;49493;48290;45911;34318;68193;162590;21647;275801;28680;90670;140817;3433;13231;12821;97026;123817;1575;29255;12882;26224;23794;12195;33160;34124;82904;15428;1812;63017;18323;40820;65609;1675;9678;15762;137465;19647;2359;30742;12184;26114;22221;16982;43295;47204;73559;20606;1535;42866;10648;36965;59750;2326;19977;30816;103648;17816;6174;89357;10724;10329;11114;3411;7648;5292;15834;33113;2518;89354;8706;13114;21436;717;3206;3201;20857;23602;54;725;207;528;321;322;435;537;1249;428;29;1000;187;821;817;19;169;230;1298;375;103;1312;390;537;534;214;436;536;1408;526;70;1872;464;799;844;53;244;353;1888;501;446;6234;1192;3529;2406;745;1697;2955;5476;2743;314;7909;1024;4832;5935;122;525;2720;6537;2845;New York-Newark-Jersey City, NY-NJ-PA;141;0;0;;
35840;604;91089;917;3949;1610;5791;2406;1999;3803;2042;4027;3179;346;6945;1765;6042;6816;150;1112;590;6463;2355;22;261;250;480;377;245;1062;904;1184;194;7;558;591;723;770;29;306;364;2975;149;54;378;254;657;313;634;1139;1724;1812;314;27;459;207;832;890;56;553;629;2173;194;28;290;53;80;52;46;114;48;111;74;7;364;60;174;111;9;86;57;191;50;5;12;4;12;14;6;14;12;9;11;;14;5;34;20;;7;;37;6;;14;9;6;9;;14;16;31;8;;17;12;21;14;;;4;136;4;53;70;33;143;84;77;86;63;138;42;;107;32;140;131;;24;16;211;31;North Port-Sarasota-Bradenton, FL;141;9;10;;
36260;419;82296;629;5805;2008;3581;2413;4666;8241;2990;2644;3663;132;4557;1919;4558;6142;244;1874;1112;5082;1424;5;116;38;96;91;123;386;143;111;47;3;79;70;98;129;6;49;29;127;33;32;235;214;342;335;1054;2424;1415;607;224;10;239;207;577;861;77;1039;862;1006;116;7;170;38;60;45;106;249;104;74;53;;130;41;93;102;18;171;108;190;22;;26;17;28;21;97;122;74;29;21;;12;15;60;50;7;48;35;50;6;6;17;23;28;29;44;145;115;23;11;3;13;12;52;62;3;36;46;44;12;4;70;42;121;95;93;239;120;125;31;;94;36;141;197;7;49;26;209;28;Ogden-Clearfield, UT;141;7;4;;
36420;1215;208661;1848;15106;4429;8024;6138;7517;9557;5692;6381;8773;627;16868;3855;7229;15390;487;1544;2635;8716;5222;43;1019;632;1220;1452;749;2501;2115;3222;587;20;1845;961;1971;3738;192;487;1066;4718;482;36;805;452;782;617;2046;2039;2382;2520;553;24;874;326;993;1596;131;762;1320;3630;306;31;1124;264;310;356;225;692;500;403;205;8;1189;283;363;411;50;436;344;594;136;59;530;219;388;320;438;529;392;417;311;34;758;235;453;866;21;114;213;670;222;;33;15;30;53;29;65;52;86;20;;44;15;36;60;;25;26;81;17;13;437;163;406;304;180;267;279;404;163;8;564;145;461;786;32;65;171;627;130;Oklahoma City, OK;141;4;3;;
36540;1097;234745;2294;18991;4610;10343;7637;9746;15136;5457;7432;10158;1034;25706;5942;10007;20153;411;2552;1291;12078;7533;26;888;369;820;1161;634;4611;1317;1841;383;26;1344;783;1314;2808;23;1061;360;2564;274;34;653;355;630;564;1649;3642;2454;1664;445;16;804;294;930;1447;105;1179;1375;2162;248;30;1194;256;213;217;98;824;885;288;198;7;987;221;304;363;12;359;564;411;124;6;57;15;46;43;179;272;252;66;29;8;76;33;78;112;5;40;23;120;26;;55;18;18;21;9;78;32;24;31;;48;9;26;57;;10;14;69;12;8;226;75;232;196;82;300;142;285;96;8;293;96;301;459;6;87;50;401;57;Omaha-Council Bluffs, NE-IA;141;5;3;3;101
36740;2540;561322;3121;27642;8479;16036;10975;10098;10422;5963;27874;21084;1254;29893;5713;16665;26964;1005;2438;1795;32648;13805;113;3208;1782;4461;4285;2274;5931;5369;15823;2153;81;7111;3123;6914;12366;314;1680;1734;21814;2032;286;5604;3297;8206;6723;7233;8858;8120;22216;4314;120;7154;2513;11634;15699;585;2648;3204;24478;3227;118;3887;580;909;763;438;634;355;1872;1221;47;3988;549;1351;1737;62;339;158;2341;751;6;101;64;117;78;71;91;56;258;66;;126;41;166;162;9;28;20;309;57;8;135;69;102;104;54;73;52;275;66;;199;68;176;209;6;17;26;323;49;50;791;311;762;698;214;346;322;2050;392;20;1118;277;992;1630;40;88;147;2232;337;Orlando-Kissimmee-Sanford, FL;141;7;2;5;91
37100;673;112374;965;5145;1429;3690;1710;1086;1122;1011;2419;3909;336;6909;975;3577;4191;54;200;421;3004;2415;24;262;105;277;189;46;122;118;372;163;12;429;127;193;389;;24;46;403;138;218;1210;1058;2173;1859;1959;4409;9200;3963;1505;176;1885;842;2649;4560;189;2049;3816;5007;844;72;1897;540;269;396;185;478;162;490;653;54;2445;419;344;684;35;299;94;647;482;3;29;14;30;23;15;12;16;33;17;3;44;9;34;45;;11;7;48;18;6;61;38;25;28;21;42;41;71;20;;89;21;45;83;3;17;15;84;30;27;224;71;228;174;112;72;255;284;124;15;253;50;233;326;3;16;93;348;86;Oxnard-Thousand Oaks-Ventura, CA;141;6;3;;
37340;414;73834;543;10066;2470;3083;1694;2457;1821;1056;3038;2837;226;7568;1430;3849;4913;154;730;214;4231;1697;10;700;312;366;396;199;433;317;1090;173;10;842;447;554;921;27;234;107;2090;148;19;979;309;356;251;360;288;152;507;231;7;710;175;430;658;28;138;37;779;106;14;619;66;72;46;40;59;19;81;58;4;376;62;159;106;19;129;11;205;54;5;44;9;19;11;13;;6;15;12;;33;6;22;20;;;;25;8;;14;14;10;7;10;7;3;17;3;;13;7;20;17;;5;3;29;5;;232;42;90;69;32;34;19;110;41;3;140;37;95;95;4;15;4;139;23;Palm Bay-Melbourne-Titusville, FL;141;6;9;;
37860;317;55481;324;2891;1307;2222;2145;2051;1995;801;2479;1566;255;4758;2059;2304;5492;78;379;261;3437;1321;18;222;178;353;729;393;692;493;1445;160;27;618;554;759;2206;16;328;253;2546;187;11;110;58;133;118;177;61;57;175;58;5;175;72;136;285;17;34;27;290;38;8;140;33;52;78;32;67;39;111;29;6;203;66;142;149;;67;17;149;25;;21;11;18;25;20;49;11;58;14;;27;17;22;53;3;8;5;35;11;;13;5;8;14;13;23;12;41;9;;25;18;22;42;;12;4;53;6;3;42;20;64;76;22;25;19;144;19;;61;46;90;170;;14;10;149;22;Pensacola-Ferry Pass-Brent, FL;141;5;8;;
37900;362;73976;610;7765;2896;2661;1715;2836;5869;2110;2304;3964;204;8306;2546;2419;5508;132;1152;535;5363;1914;10;218;165;247;236;126;587;540;822;117;3;399;231;430;722;19;222;162;1943;88;8;177;86;69;67;79;352;254;210;88;4;160;65;76;163;25;173;173;290;46;16;1054;51;24;18;15;53;14;48;142;4;520;35;40;53;3;29;4;110;46;;16;16;10;3;9;23;7;8;8;;13;7;5;11;;5;3;10;5;;9;;3;4;3;4;;7;4;;17;;5;8;;;;54;;;36;27;56;43;6;36;39;80;20;;47;25;78;94;4;8;11;136;5;Peoria, IL;141;8;14;;
37980;5636;1201764;13570;100867;22298;45237;25260;33670;34200;20580;29707;60630;5634;135039;23957;39578;74635;2136;8372;7400;44419;43312;374;10087;5143;8112;10176;5067;16634;13767;32333;5341;417;24129;11007;13488;31966;736;5071;5748;54535;6956;324;4132;1896;2947;2567;3757;8269;6831;8436;2616;135;5815;2093;3753;7206;455;3042;3637;10071;1902;872;15911;2259;1571;1931;1193;3169;1481;2289;4305;244;15820;2209;1980;3229;806;1801;1471;2972;2574;13;246;78;168;72;136;165;88;193;134;12;381;106;159;228;13;41;79;247;103;17;332;153;94;84;76;110;105;199;88;7;461;97;126;188;12;84;45;292;97;72;1517;409;917;794;322;680;759;1341;521;47;2283;547;1171;2162;58;219;456;2100;501;Philadelphia-Camden-Wilmington, PA-NJ-DE-MD;141;0;0;;
38060;4010;830288;6844;55202;16045;33567;27586;17131;19356;12768;27699;33196;2905;58049;10768;28885;58164;887;4537;3522;35915;22154;117;3314;1700;3230;5809;1254;3916;3868;5807;1877;84;4733;1500;3056;11520;97;1376;1130;7232;1646;436;7774;5097;10766;12650;13282;15895;20602;18515;6264;238;10001;3763;12026;27925;1408;6139;8007;25608;4198;342;9031;1379;1149;1540;656;1435;849;1656;3833;99;7105;1000;1339;2868;134;1057;401;2408;1471;27;447;340;652;708;1221;851;1102;1103;275;17;639;439;1110;1922;79;617;630;2085;235;13;306;139;282;321;157;317;296;388;134;4;342;120;261;601;13;112;84;534;112;96;1474;585;1657;2424;431;732;1064;1868;692;48;1854;487;1522;3888;26;198;616;2226;573;Phoenix-Mesa-Scottsdale, AZ;141;0;0;;
38300;2564;483611;4929;50138;13073;18152;14204;23946;26586;17592;20140;26159;1851;61418;10429;19340;41547;1140;4826;4926;37262;16817;69;1801;673;1175;2097;902;2317;2356;6516;810;60;3119;1004;1920;6650;88;561;826;9755;847;83;1005;249;442;331;554;344;584;718;452;13;764;116;342;612;152;111;96;719;192;128;3968;214;237;253;61;163;254;705;737;31;2538;190;308;467;11;57;125;759;279;8;58;25;31;28;57;52;42;61;35;;84;12;34;72;3;10;8;105;18;6;54;11;24;18;15;28;31;39;22;;49;4;35;42;;13;4;168;19;11;403;81;251;278;97;175;250;514;126;10;489;94;285;595;13;57;125;953;91;Pittsburgh, PA;141;3;3;;
38860;519;96509;946;8706;2713;5343;2959;6835;5109;2521;3194;4699;568;14265;2799;5284;9514;326;1512;751;7084;3912;3;163;56;179;161;84;238;314;355;61;;196;46;162;418;4;58;93;505;50;6;97;27;92;67;75;92;79;92;55;3;140;31;90;150;6;26;21;127;51;11;215;41;73;78;39;178;71;58;57;8;261;50;126;118;11;134;75;140;39;;25;17;19;16;31;19;5;16;11;;34;7;26;23;3;10;6;36;11;;3;7;4;5;4;4;4;9;3;;16;4;10;9;;5;;8;;3;72;26;58;29;29;28;48;60;20;4;103;30;50;83;3;10;23;91;25;Portland-South Portland, ME;141;8;8;;
38900;2349;443556;4684;42090;12186;18589;11301;20301;25165;11868;14570;20972;2088;41356;7873;17291;30287;1280;5927;3459;21923;12862;81;1246;487;867;710;611;1891;1204;1684;521;38;1150;302;697;1500;43;565;296;2045;293;110;2178;1171;1907;1337;3056;4995;4960;4202;1306;68;1983;668;2096;2866;223;1884;2598;5216;697;231;8611;1662;931;901;1301;2895;1377;1225;1686;102;6505;1118;1130;2306;200;1894;782;2212;880;16;227;129;146;134;298;378;221;205;146;10;252;67;236;305;26;116;72;328;98;19;197;106;190;173;213;474;423;348;125;6;226;95;255;407;22;218;176;617;89;79;1195;440;802;527;531;707;563;796;446;53;1341;329;809;1323;77;271;182;1191;332;Portland-Vancouver-Hillsboro, OR-WA;141;0;0;;
39300;1330;253929;2211;17269;4398;9325;6110;7471;11572;6125;13389;10808;1038;29406;5662;9974;21343;533;4121;3813;23767;8838;26;740;301;565;645;382;1627;1096;2706;340;22;1357;485;725;1327;37;558;555;4239;286;42;780;473;781;859;835;2451;2355;2639;459;40;1270;432;1251;2166;120;1497;2107;3834;321;55;1800;160;232;166;177;709;191;337;381;24;1444;125;339;500;37;471;232;594;217;;31;17;49;28;47;73;44;58;22;;49;13;63;79;;15;21;167;13;;110;15;10;14;9;47;27;42;23;;74;18;15;37;;29;17;61;19;5;236;72;183;201;61;262;229;521;91;7;451;103;278;488;12;72;151;949;102;Providence-Warwick, RI-MA;141;4;6;;
39340;375;78648;967;8432;2355;4859;4322;3124;2783;2658;2776;4341;196;5036;1788;4045;6525;159;1023;1117;4664;1377;;70;22;91;59;240;57;71;48;28;;41;36;49;72;8;10;38;81;15;21;349;189;541;590;898;849;1335;584;230;8;231;113;663;927;26;565;884;828;90;22;569;42;87;113;46;45;38;56;102;12;290;46;109;155;;29;39;83;49;6;21;29;41;52;58;33;54;30;15;;27;18;43;70;4;23;26;47;7;7;52;21;66;85;49;102;144;130;41;;36;21;75;142;;28;42;118;19;16;162;44;132;123;77;45;45;99;74;;92;36;110;164;6;27;28;126;19;Provo-Orem, UT;141;5;7;3;21
39580;1331;249406;2665;27059;5829;12319;4164;5457;5133;2847;6736;13332;936;24479;3390;9538;11229;271;943;572;7738;7523;73;3104;1650;4306;2475;1775;4212;2949;5999;1406;73;5255;2435;6308;7990;292;1651;827;7996;1387;64;1397;393;1005;451;1562;1074;1599;1445;582;24;1211;237;1200;1197;69;601;261;1883;303;102;4098;482;507;265;113;248;142;321;848;35;2818;312;672;410;12;146;60;345;398;10;130;41;82;36;113;117;93;79;66;;117;33;103;129;7;30;22;68;27;;102;14;33;15;15;17;8;43;17;;73;9;49;39;;8;5;41;13;18;536;117;385;170;135;142;218;367;150;4;536;127;422;402;5;44;37;438;128;Raleigh, NC;141;6;4;4;101
39740;363;76943;873;3430;1551;2396;1428;4120;8063;2847;2195;3280;260;5751;1866;2738;5517;221;2200;939;4224;1899;12;125;80;122;125;161;689;401;650;92;;239;155;154;283;14;150;129;1074;63;48;156;98;257;256;407;3618;2165;575;163;12;286;191;505;779;52;1397;1522;1442;116;20;223;37;16;20;36;159;42;34;60;5;202;29;43;62;3;105;50;61;36;;4;4;3;4;19;21;4;15;;;7;4;8;11;;5;;13;3;;4;;3;;4;14;6;9;4;;5;;4;6;;9;;18;;;36;17;33;26;24;135;70;99;23;;61;28;51;71;7;26;31;164;13;Reading, PA;141;13;16;;
39900;451;80999;517;3232;1792;2720;1846;1884;4243;3078;4003;2550;230;4389;1140;2938;4644;138;984;1331;4333;1770;8;74;63;116;147;39;308;295;410;84;;94;44;142;277;7;73;110;347;53;25;247;353;586;510;721;2224;2536;2653;340;22;365;238;854;1338;116;1166;1712;2968;229;23;418;182;197;207;110;561;331;984;172;7;584;188;362;493;43;431;205;1423;112;;17;23;41;43;42;103;136;83;24;;44;23;66;106;8;54;88;104;19;4;21;20;33;29;25;123;102;147;16;;56;31;60;112;8;29;37;207;21;4;82;76;103;133;40;155;229;235;49;3;135;56;145;292;12;50;120;238;43;Reno, NV;141;5;4;;
40060;1294;247945;2411;17967;3868;9398;4874;7503;7196;4098;4472;11207;826;23471;3586;7588;15329;252;1229;1819;6078;6836;91;2399;1247;3468;3751;2130;7851;7186;5446;1715;66;5834;3033;5274;14216;259;2372;4036;10014;1982;42;640;144;384;362;911;576;1332;837;363;33;776;247;524;1076;61;261;947;1042;302;59;2316;306;276;266;175;331;382;287;492;19;1838;288;383;550;18;182;231;468;225;7;80;23;36;25;68;80;48;30;36;3;109;28;58;120;3;18;24;67;26;;48;15;23;22;14;25;15;24;21;;56;8;29;59;;8;7;21;16;11;326;88;271;219;57;114;321;272;91;8;480;129;339;758;5;45;227;436;115;Richmond, VA;141;3;3;;
40140;2679;469707;1750;9043;4959;10076;4193;7880;13074;9320;8269;9357;659;13878;4196;11924;12163;274;2299;4120;10584;5144;53;1042;931;1812;1430;1027;5341;4883;3679;1099;41;2459;1302;2536;3599;61;1443;2604;4758;814;350;3826;4923;11077;6386;14742;34710;35152;17274;6174;143;6937;4421;18040;18299;724;10406;17762;21604;3155;148;4021;1304;1003;881;803;1570;1398;1411;1045;88;7330;1373;1317;1614;75;357;673;1860;841;10;81;87;119;47;149;259;213;185;82;3;134;67;207;180;8;50;116;185;57;13;246;245;183;124;155;361;279;257;115;11;362;161;210;298;9;120;146;402;99;67;599;392;1065;539;602;1099;1384;1242;394;32;966;401;1374;1250;18;316;785;1579;275;Riverside-San Bernardino-Ontario, CA;141;0;0;;
40220;355;69693;501;3927;1533;2650;1809;6350;5887;3145;1755;2627;205;6155;2086;2365;6061;225;1430;935;3657;1621;10;193;127;325;315;578;1510;1014;836;146;13;375;282;508;1217;44;570;392;1734;153;5;86;23;57;77;127;288;228;174;39;3;88;24;65;202;8;148;105;205;23;9;273;48;43;33;23;117;55;63;47;;193;35;53;74;8;109;31;158;16;;8;;8;6;26;20;10;8;3;;7;6;8;13;;5;;9;;;9;;3;;3;8;;;;;10;;4;5;;8;3;13;;;32;18;59;62;20;48;48;59;15;;44;20;74;138;;22;16;159;11;Roanoke, VA;141;16;20;;
40340;158;60694;402;6843;2178;2058;1235;2123;2229;1505;2086;1522;189;11217;3942;1899;6592;227;341;682;4188;1061;7;161;103;121;113;38;200;135;226;22;3;148;84;158;159;10;51;58;420;15;3;169;55;74;79;89;332;146;275;27;3;167;69;82;118;15;143;84;276;9;9;593;103;103;69;69;226;96;185;37;6;528;179;109;166;11;73;75;380;16;;17;10;14;;7;7;9;10;4;;26;16;;21;;4;;20;3;;;;;;;;;;;;5;;34;4;;;;12;;;47;16;36;14;7;16;16;36;9;;65;24;34;53;;;5;66;7;Rochester, MN;141;21;26;;
40380;946;202750;1990;16143;5636;8932;5622;9853;10792;4927;6527;9554;1044;17929;4143;9945;15075;582;3479;1760;12189;6648;29;681;529;1165;1056;684;2075;2126;2638;433;39;1261;1026;1932;2492;77;972;1018;6079;455;32;507;294;603;493;1196;1689;1341;908;394;23;535;297;943;1128;65;567;625;1639;201;39;943;264;199;190;154;386;259;354;224;16;653;156;275;284;65;290;331;560;122;;34;23;23;24;33;52;25;26;24;;50;22;39;59;3;20;9;63;11;3;34;11;23;5;7;25;97;22;11;;41;15;12;16;4;16;18;38;5;4;234;65;240;133;62;116;228;262;55;3;182;86;294;308;6;54;149;492;48;Rochester, NY;141;5;3;;
40420;328;66275;461;3696;921;2106;1193;4107;6270;2221;1688;2384;186;4870;1237;2321;4825;370;2069;888;4273;1417;7;179;45;162;460;336;1536;671;544;121;4;275;98;355;1294;42;773;235;1526;93;15;214;104;211;144;830;1459;809;486;135;4;202;64;308;387;30;576;396;907;74;15;318;33;29;31;79;151;47;66;54;;284;30;45;72;21;123;38;133;30;;6;;5;;21;26;14;8;3;;7;3;6;15;;12;8;23;5;;6;;6;;7;8;7;4;6;;13;;3;7;;13;4;10;;;28;8;55;48;25;81;49;73;11;;29;10;79;105;3;35;11;130;12;Rockford, IL;141;14;15;;
40900;1718;297250;2259;16248;5679;10656;5944;6867;7509;5121;8469;9695;1157;20662;4679;9903;17810;233;1237;1655;11575;7070;37;932;623;1275;1358;519;1986;1701;2893;565;44;1571;744;1434;3883;32;604;476;3755;529;160;1923;1395;2767;2216;5161;4942;6269;5448;1585;73;2513;1052;3382;6064;227;1556;2268;6336;1051;184;6265;1780;1729;1959;906;2403;1756;2543;1267;81;6738;1614;2010;4317;96;892;734;3322;891;10;129;83;156;89;110;222;103;169;79;7;200;67;191;291;;54;55;250;79;16;245;174;290;248;139;334;255;550;132;7;507;199;345;662;;83;73;787;99;36;639;356;711;626;493;431;502;1929;294;34;1041;415;753;1711;32;144;183;1868;293;Sacramento--Roseville--Arden-Arcade, CA;141;6;2;4;116
41180;2874;577123;6478;51461;11013;22274;13654;27234;28196;14319;18464;30744;2646;61279;10535;20822;42171;1187;7221;4315;28949;21282;161;3309;1384;3716;4157;2685;8415;6937;13430;2131;189;7807;3883;6876;16475;395;3298;3036;22379;2627;97;1476;337;631;527;753;1187;968;2022;843;47;1320;236;818;1262;43;398;361;1684;520;142;3914;381;301;314;155;521;245;536;942;48;3135;418;498;676;39;427;163;887;520;13;143;41;69;51;101;100;74;96;83;12;149;42;70;145;;29;13;99;55;8;115;54;22;35;21;27;39;82;39;;113;30;48;103;4;17;28;98;32;21;565;117;391;320;205;390;271;943;278;25;706;153;554;922;24;87;150;1127;242;St. Louis, MO-IL;141;6;2;4;96
41500;279;68171;315;1037;446;697;241;326;285;288;1185;760;153;1874;330;740;880;43;48;119;1353;554;3;119;30;80;40;25;44;69;229;44;5;253;17;100;59;3;7;23;197;24;88;465;269;856;571;969;3235;16481;5212;936;82;1010;262;1484;1045;204;772;9473;4593;305;17;494;85;130;78;57;88;76;546;73;27;1261;124;211;182;49;26;38;625;59;;5;3;12;6;7;13;12;26;3;;20;9;14;5;;3;3;25;;4;15;10;35;19;16;22;32;138;14;5;43;12;32;52;6;8;22;94;17;;44;37;64;33;23;53;108;188;30;4;89;31;84;77;5;14;716;172;28;Salinas, CA;141;6;5;;
41620;1316;287488;3546;27224;7372;15521;14203;10107;16126;6925;8802;15337;864;19235;5560;11921;29837;489;3121;2683;10503;7350;15;461;201;424;704;164;2386;417;457;212;;287;125;306;855;13;308;162;452;108;112;1349;789;1718;2413;2320;4104;3420;2643;1014;25;1152;650;1901;5404;154;1980;2183;3304;659;71;1734;363;406;613;444;1532;528;477;447;24;1316;392;533;1106;89;1180;348;625;258;5;85;72;145;133;133;218;137;105;52;5;98;61;166;369;19;99;104;206;40;7;129;78;161;349;219;813;530;260;111;;110;69;267;1037;19;232;358;309;58;23;452;159;424;505;202;320;266;410;219;14;362;133;331;875;17;96;122;495;125;Salt Lake City, UT;141;7;2;5;31
41700;2062;394334;2696;15435;4705;7993;5721;5805;6131;3522;8035;11365;992;17312;3096;7531;13786;285;1171;954;9575;6385;96;1701;759;1378;2459;768;2118;1813;3650;983;78;2991;1101;1801;5235;55;354;545;4943;836;599;8592;5128;11121;10978;11427;16495;12438;19900;7079;498;13729;4313;14578;27767;649;3992;3496;29185;5122;106;1693;425;326;372;197;350;289;620;454;27;1780;311;535;700;60;184;128;802;248;11;99;35;60;62;56;54;50;134;86;;122;30;87;153;8;16;13;140;29;6;92;35;68;74;40;75;50;112;43;3;138;39;70;170;;22;15;161;30;36;568;171;416;871;233;415;361;895;280;26;769;172;508;1648;16;137;124;1141;202;San Antonio-New Braunfels, TX;141;5;2;3;91
41740;2872;533924;5832;36952;8103;16109;7764;9297;7701;4652;14605;20404;2038;30699;4762;13715;19880;694;1378;1688;17019;12487;117;2163;1068;1795;1631;1152;1869;1453;4618;1010;72;2227;756;1869;3419;52;440;331;4677;732;501;6752;4226;9000;5430;11562;12053;13793;21640;5167;283;6698;2597;11905;14096;485;3725;5182;24698;3130;871;14746;3496;1842;2419;2292;3240;1279;4508;3605;300;13969;3512;2436;5492;226;2289;586;6322;2519;16;238;112;141;93;166;101;103;241;142;8;217;70;172;239;13;39;21;277;114;21;499;270;337;353;240;411;218;661;206;12;643;157;363;763;11;140;71;656;174;105;1797;622;1264;1016;657;630;653;2184;633;82;1786;475;1358;2249;63;159;196;2588;576;San Diego-Carlsbad, CA;141;0;0;;
41860;4577;923776;12282;82426;9646;27093;10493;17247;9542;5386;13100;43475;5185;67374;5901;19422;25646;1104;1943;1815;13819;28881;276;4796;1614;3549;2702;2428;4936;3800;8236;2557;235;7614;1728;4627;8656;321;1627;1771;9923;2646;654;9506;3503;9000;4387;13022;12352;13347;17929;5790;361;9883;2274;10092;11738;434;2930;4723;17222;3912;2620;50761;7673;8113;7395;4151;9355;4419;13656;16063;1351;50466;6812;9389;16573;432;4310;2690;17368;12453;43;406;116;216;110;370;222;151;300;200;23;424;95;233;319;16;54;45;309;141;53;898;430;746;564;527;1095;684;1172;525;32;1148;312;749;1339;43;337;358;1415;461;235;4167;785;1966;1156;800;843;982;2741;1576;151;4748;675;1804;3310;133;285;589;3676;1542;San Francisco-Oakland-Hayward, CA;141;0;0;;
41940;1948;558067;7480;65047;8724;17093;3745;6127;3578;2005;6811;26287;1971;30615;3971;7018;9459;181;709;513;5860;11667;113;2818;1492;1009;583;488;1161;442;2322;937;58;2018;1321;656;1399;30;254;146;2220;618;394;7073;3382;5615;2419;6069;7781;6721;11889;3584;179;5318;2129;5956;7175;208;2199;2676;12529;2120;3395;78846;6486;4167;3178;1431;5474;1133;4958;18061;846;42377;4167;3643;6843;295;3513;531;5578;8268;26;296;96;105;43;69;84;45;180;135;14;201;47;110;112;7;27;13;128;67;42;708;379;270;239;185;497;187;613;246;20;794;180;256;613;8;223;57;515;196;99;2128;621;849;449;357;515;251;1098;661;44;1624;453;576;999;21;107;109;1064;457;San Jose-Sunnyvale-Santa Clara, CA;141;0;0;;
42200;328;54339;482;3470;991;1414;828;718;661;437;865;1831;188;3596;644;1205;1692;54;195;189;1330;1098;10;97;42;109;59;21;57;45;96;46;4;82;28;66;81;3;12;17;95;34;47;640;451;1064;646;705;1504;6440;2213;514;19;840;391;1469;1444;74;552;3883;2809;315;27;640;158;105;88;76;187;71;112;152;12;526;155;113;204;17;122;51;271;84;;33;9;16;5;14;6;4;13;8;;56;14;24;24;;;;18;5;5;37;24;10;13;11;26;16;12;18;;45;8;21;33;;8;11;28;13;7;180;43;109;89;34;45;76;203;65;10;158;19;131;109;10;41;44;244;42;Santa Maria-Santa Barbara, CA;141;9;7;;
42220;374;52549;512;2816;1201;2638;847;971;1319;988;1913;1960;238;4205;1004;2488;2809;53;298;331;2850;1572;7;87;71;118;45;34;123;91;221;53;;105;57;118;92;;13;19;272;52;46;281;369;709;294;633;1593;1669;1582;351;27;413;277;951;881;85;769;797;2426;204;22;443;232;143;86;59;178;82;196;148;19;500;228;172;201;7;108;47;301;121;5;19;10;33;12;23;22;20;21;9;;18;12;45;39;;8;12;43;11;5;14;12;31;14;13;27;23;32;17;;14;10;25;34;;3;5;59;14;6;82;87;111;60;24;57;55;202;50;3;135;61;146;180;;10;16;247;54;Santa Rosa, CA;141;8;7;;
42340;326;57254;302;3686;1009;1821;716;4205;2135;781;1315;2622;82;4738;948;1813;2092;157;371;207;1617;1209;9;365;298;999;580;910;2172;1389;2079;401;10;1190;1034;2631;1474;87;858;471;3830;385;8;203;45;124;47;228;168;104;158;143;;143;58;176;106;25;52;43;193;51;5;294;32;33;25;122;39;44;35;48;;166;34;63;43;16;28;14;58;25;;16;3;8;;12;11;;10;11;;12;4;18;6;;;;15;;;36;4;7;6;22;9;23;6;5;;34;8;13;11;;;;13;3;;47;12;88;20;29;37;29;61;22;;66;24;110;38;3;17;11;84;21;Savannah, GA;141;12;17;;
42540;540;106230;695;4408;2283;3139;3198;4521;9129;6678;4020;4313;411;9197;3740;4672;10569;364;2268;3126;8342;2991;7;91;67;134;202;128;569;647;444;71;22;162;129;267;445;30;99;303;742;57;14;105;113;186;231;410;1426;2105;326;140;17;296;157;318;553;244;491;2218;564;72;18;246;21;37;48;348;167;198;72;51;;199;31;75;96;260;103;155;94;29;;8;;9;7;8;20;24;8;7;;10;10;5;23;3;6;11;27;;;9;5;3;;5;38;12;13;3;;10;5;4;14;;36;3;18;4;;22;14;43;61;16;58;107;96;24;3;48;33;57;107;8;27;72;130;9;Scranton--Wilkes-Barre--Hazleton, PA;141;13;10;;
42660;3785;820733;7827;95074;16585;25595;15295;30235;36569;17429;23115;41259;3436;70304;10161;26518;42609;1768;7640;6720;30581;23833;128;3850;1340;2137;1978;1792;5361;4944;7930;1520;97;3511;1241;2470;5689;126;1061;1606;9159;1078;207;5633;1272;2336;1565;3278;4590;4938;5781;2235;123;3741;757;2817;4142;269;1352;2080;6499;1330;706;35581;3323;3059;2461;2865;8168;4145;6143;7358;322;21881;2698;4331;6892;433;4364;2928;10108;3477;33;628;182;302;152;504;606;448;449;241;33;586;134;424;530;50;173;189;633;189;28;592;271;422;380;628;1753;1475;892;288;18;580;276;760;1154;39;689;810;1428;250;116;2987;526;1333;1388;700;1358;1500;1849;911;67;2833;557;1715;3482;75;351;732;2532;743;Seattle-Tacoma-Bellevue, WA;141;0;0;;
43340;335;61982;355;2047;1137;1413;611;2301;1962;791;1631;1758;205;4139;1451;1285;2856;129;270;230;2362;1102;22;288;475;1079;965;985;2168;1465;3562;480;24;1850;1759;2474;3059;256;689;728;8229;541;10;60;21;69;28;213;97;182;120;72;3;64;39;73;91;6;14;37;148;42;3;78;23;12;11;18;41;7;52;24;;113;23;42;37;6;7;4;101;8;;14;4;10;5;19;24;12;10;8;;20;9;10;15;;5;;26;3;;11;3;3;50;10;4;4;24;;;11;;8;8;;;;35;;;11;17;40;13;23;18;10;51;14;;21;12;62;42;3;9;12;99;16;Shreveport-Bossier City, LA;141;12;15;;
43620;341;68016;631;4806;1154;3170;2872;2564;3150;1933;1936;2744;377;9613;1919;3290;8614;314;825;621;5339;2318;7;72;28;124;218;96;704;742;336;30;;49;59;194;178;9;206;435;611;13;15;41;83;143;115;104;279;313;223;58;3;62;21;139;242;15;102;253;288;26;4;130;14;59;64;41;229;273;57;25;5;109;26;101;127;11;99;247;158;17;;13;8;24;25;29;65;36;51;10;;24;9;37;88;;30;15;141;7;;3;;4;;;5;3;5;;;3;;4;8;;3;;13;3;;38;6;57;61;20;36;18;49;20;;50;16;66;126;;19;8;110;11;Sioux Falls, SD;141;17;16;;
43780;305;50480;411;2387;955;1708;813;1970;3593;2506;1693;1947;187;4793;1248;2382;3877;85;1002;1231;3812;1532;9;148;56;176;141;140;756;800;851;107;6;386;300;395;539;29;289;390;1946;125;7;69;39;85;59;94;524;476;266;74;4;147;63;121;227;12;239;281;399;45;8;125;14;16;13;4;35;27;22;26;;133;29;21;37;;48;22;48;13;;6;;7;;8;10;11;9;4;;7;;10;18;;4;9;12;9;;;;;;;6;5;3;3;;6;4;4;6;;;;14;3;;16;11;42;22;18;55;61;85;10;;36;15;56;51;;19;36;144;16;South Bend-Mishawaka, IN-MI;141;16;21;;
43900;293;60298;488;3041;1443;1915;914;2982;6893;2264;696;2772;130;1907;881;1975;2412;151;2043;1189;1901;1111;10;223;316;345;253;643;4356;2030;453;356;4;335;491;740;872;161;2844;1866;1438;229;14;95;88;99;42;227;590;364;71;91;;68;52;75;96;22;341;233;111;51;17;184;80;31;28;60;346;102;13;54;;90;57;63;61;8;267;86;33;21;;6;4;5;4;20;33;14;19;11;;5;4;5;6;;5;7;16;6;;3;;7;4;6;19;6;3;;;4;;9;;;31;3;;;;22;26;20;20;14;104;77;22;10;;20;14;30;40;;44;72;69;11;Spartanburg, SC;141;14;17;;
44060;510;80174;763;5362;1942;3922;2874;3400;6103;3164;3974;2980;409;8064;2061;4128;8629;262;1088;754;6754;2337;7;71;40;101;172;79;214;138;384;55;5;74;48;77;148;17;27;20;348;28;9;139;77;199;179;141;266;169;477;90;5;186;56;199;338;16;75;49;717;58;14;193;58;73;69;29;166;116;168;44;5;266;71;109;148;11;122;68;251;36;9;40;20;53;40;49;130;72;96;30;7;81;25;76;132;5;20;39;143;31;;13;10;19;27;19;94;53;67;10;;21;12;25;49;4;14;12;140;9;8;95;38;127;108;78;121;207;220;47;9;137;44;127;280;12;26;32;242;31;Spokane-Spokane Valley, WA;141;4;2;3;101
44140;530;93370;654;5115;1679;3450;1795;3528;4515;2334;3453;3278;390;10621;2619;3642;6832;189;1060;754;6269;2994;14;311;159;271;240;169;763;518;1246;158;16;666;280;300;637;15;177;112;2157;173;1131;365;194;568;446;443;2019;1284;1422;192;14;909;382;830;1330;42;589;418;2912;242;13;449;36;68;55;58;168;133;127;81;;391;75;103;99;25;90;72;208;38;;10;8;14;5;6;25;7;22;5;;14;5;6;15;;;;23;;;9;4;7;;;10;8;18;;;87;3;4;7;;6;3;21;6;;66;13;78;41;28;112;93;136;42;6;155;29;103;135;;28;23;285;50;Springfield, MA;141;15;15;;
44180;440;88696;907;5035;1984;3977;4229;4465;7985;3233;4521;3269;403;8100;2892;4225;9831;142;1570;1262;8979;2309;7;68;62;149;182;61;823;205;555;84;5;86;103;151;220;3;259;65;519;41;4;96;63;106;132;99;196;138;629;59;;113;61;106;229;6;29;52;770;21;8;128;18;37;54;14;70;32;65;23;3;155;27;48;76;;26;26;155;23;4;23;17;37;27;36;57;25;31;18;3;43;15;32;57;;19;8;66;13;;3;7;5;11;5;17;11;26;3;;8;;17;18;;10;5;40;3;;59;31;87;78;33;85;40;88;19;;75;36;94;163;;24;16;155;19;Springfield, MO;141;11;10;;
44700;460;77192;318;1175;722;1537;773;1461;3800;1901;1182;1624;120;1955;752;1587;2602;80;515;768;1822;1014;9;115;64;231;171;121;941;822;485;160;9;256;97;421;496;10;217;434;776;124;32;297;458;1058;681;1529;5813;4755;1595;679;25;593;500;1761;2007;80;1353;2951;2394;352;14;536;297;382;425;409;1692;1312;589;269;10;1393;560;663;883;25;539;996;1181;209;;20;7;29;14;34;100;56;26;21;;32;15;56;58;;21;25;47;11;4;27;44;45;54;38;188;141;71;40;3;70;80;75;102;3;54;95;106;29;7;53;44;130;104;65;273;269;216;72;;111;48;210;260;5;72;126;269;50;Stockton-Lodi, CA;141;3;4;;
45060;610;118342;918;8402;2914;5971;3268;5477;7320;3271;5576;5704;483;10892;2638;6364;9924;382;2033;1099;9028;3794;11;260;141;507;402;181;959;590;2244;175;19;551;283;874;1128;14;265;333;3545;160;16;178;69;201;146;84;304;173;647;110;6;181;57;292;243;16;123;66;709;60;12;395;110;94;61;115;321;154;358;62;5;322;90;137;116;33;188;73;362;40;;26;11;39;18;41;77;29;54;17;;56;17;57;74;4;30;17;98;14;;9;7;5;7;5;12;6;16;5;;14;3;10;10;;4;9;20;;7;93;30;130;71;24;89;75;229;32;10;519;43;207;241;;33;234;577;41;Syracuse, NY;141;7;7;;
45300;2713;534762;4353;31371;11443;23682;14428;11446;11837;8070;19175;20784;1935;43785;10239;22824;37588;645;3386;2798;23399;15002;120;3476;2164;3555;5476;1989;4164;4122;9701;1873;87;7384;3608;4996;15806;192;1179;1648;14328;1991;324;5061;2431;4820;5636;5231;4910;5860;10161;2760;144;6488;2546;5529;12242;350;1949;2589;11943;2099;179;4445;786;750;745;491;837;412;970;1096;47;4197;746;975;1457;78;672;268;1181;644;11;114;57;102;82;62;97;38;168;95;5;168;58;123;206;;21;33;198;58;;129;68;70;72;34;48;45;178;41;;167;81;83;145;4;18;19;224;44;50;798;376;651;801;169;225;449;1122;361;28;1317;452;712;1906;20;84;295;1402;276;Tampa-St. Petersburg-Clearwater, FL;141;4;3;;
45780;592;122103;993;6771;2263;4130;1734;6539;11955;5240;4065;5147;556;12523;4211;5244;7591;377;3524;2455;7937;3277;15;298;138;476;233;262;2281;1481;1446;266;16;801;554;1003;1114;39;1095;797;3159;252;25;186;86;189;110;311;1052;689;337;186;7;323;186;353;401;24;397;379;626;121;22;385;34;53;10;31;93;82;148;96;6;291;45;73;42;;32;67;140;24;;15;6;12;6;27;33;29;11;17;;29;5;24;17;;12;9;40;10;;10;4;8;3;;9;8;4;;;17;4;9;5;;;;13;4;10;53;19;162;32;38;137;163;166;28;;105;55;221;95;6;58;85;306;32;Toledo, OH;141;12;12;;
45940;471;101082;1488;8345;1046;2424;2269;1574;2255;1783;1979;5801;758;10495;1061;2173;6079;99;617;811;1575;4478;44;871;224;575;850;354;1157;2055;2046;367;58;1908;426;1079;2495;80;474;1292;3268;551;43;584;122;330;420;282;879;1038;1130;360;46;921;138;488;1221;25;575;641;1056;312;170;2601;223;212;263;44;122;419;158;1228;70;2689;192;334;490;8;55;283;191;839;3;17;3;7;5;4;10;20;7;13;;38;4;10;28;;;10;11;9;3;27;8;4;11;19;30;64;15;6;;220;3;5;19;4;32;66;40;11;8;357;23;64;82;15;61;128;175;50;4;196;30;95;182;;35;102;130;70;Trenton, NJ;141;3;5;;
46060;712;134690;820;9810;2190;4161;3702;3120;2757;1629;4370;3940;513;10598;2103;4074;7669;155;571;503;5506;2980;21;498;172;362;538;165;318;285;984;219;23;648;182;314;909;4;40;64;932;132;94;2135;1177;2820;3083;2707;3191;2734;3990;1325;123;2899;1347;3373;6771;119;867;751;6034;982;22;865;150;133;138;66;199;59;197;123;11;838;146;209;266;;106;14;384;95;3;99;38;104;96;83;105;136;169;48;4;155;58;149;260;8;46;42;352;37;6;50;14;32;32;16;39;29;56;18;3;76;12;44;55;;7;6;88;18;15;248;99;241;295;86;104;123;346;100;12;342;90;255;460;20;37;42;579;75;Tucson, AZ;141;4;2;3;76
46140;876;166412;1689;12732;4274;6251;4221;10468;9845;3499;4198;6946;536;14362;3310;5629;12208;513;1470;1164;7150;3852;25;558;428;669;874;673;1903;989;1409;339;16;1186;610;978;2589;83;495;587;2910;301;26;501;299;495;391;1470;1701;902;1041;333;9;504;209;557;943;50;596;466;1509;167;24;634;437;139;116;373;749;586;207;108;6;559;214;182;308;41;282;307;399;56;76;802;430;530;478;1141;1244;434;451;501;44;1233;442;722;1398;80;241;220;1007;312;;23;11;13;28;25;118;28;35;16;;26;18;26;37;7;56;42;30;10;22;347;137;235;258;212;304;241;214;152;9;449;125;305;582;13;59;76;418;79;Tulsa, OK;141;5;2;3;111
46520;944;164953;516;3186;594;1218;500;1196;842;605;2740;2007;231;3593;491;1683;1521;55;166;159;3046;1074;9;176;61;180;132;96;202;142;603;127;;185;49;216;186;;23;28;419;64;43;271;121;335;143;438;416;251;1035;244;27;432;104;558;562;27;96;93;931;174;734;4832;1661;3177;2229;5130;3599;3490;10849;3160;390;7928;1802;5525;7543;268;810;1662;13581;3022;;22;13;33;16;39;20;14;105;20;;24;16;51;49;;3;8;94;42;113;773;370;841;695;1978;2104;2406;3852;691;80;1357;376;1957;2511;162;616;784;4677;689;243;1120;382;804;608;1356;1150;1226;2865;758;107;2268;413;1305;2338;89;270;266;2959;804;Urban Honolulu, HI;141;7;5;;
47260;1533;276932;2309;17368;6805;7768;4080;12037;5445;3237;7536;12053;1013;19138;5234;8586;14622;764;1445;1017;10026;7247;96;2802;2154;4712;3631;7592;5848;6319;8093;2437;107;6284;3534;7598;13740;941;2742;2723;13576;2318;31;773;420;621;372;997;487;856;951;520;22;860;345;813;1273;112;300;274;1336;324;55;1268;564;359;285;377;883;399;539;331;28;1719;542;658;800;97;642;321;1046;245;7;84;53;66;27;99;67;54;75;48;4;95;45;90;91;9;13;14;95;39;6;127;57;47;35;71;58;37;129;50;4;115;53;80;116;4;25;16;187;32;12;406;193;456;272;380;196;222;741;145;4;630;280;632;857;54;76;121;961;148;Virginia Beach-Norfolk-Newport News, VA-NC;141;0;0;;
47900;6881;1203669;17059;136821;16356;26843;16184;18646;12596;8528;21494;59654;7490;113660;9359;21938;42022;641;2272;2206;21687;40854;1086;26389;8749;14861;12061;7351;16676;10949;37281;9659;1135;39377;10147;18959;32975;569;4000;2941;45990;10941;675;10452;3056;5380;3391;8932;5851;11586;21328;5154;367;10006;1797;7204;8390;391;1727;4053;25622;3352;2031;32462;3375;4963;3354;1539;2518;1315;5635;8101;752;28899;2856;6339;6849;149;988;816;5635;5439;50;569;114;181;100;112;142;66;262;224;11;535;103;236;254;8;35;26;307;148;43;619;183;188;193;191;138;132;314;180;23;644;115;244;415;3;46;52;322;163;152;4228;681;1320;929;416;418;531;2012;1220;126;4465;550;1503;2447;44;142;202;2325;1132;Washington-Arlington-Alexandria, DC-VA-MD-WV;141;0;0;;
48620;645;124479;1418;9845;3069;4549;2824;9642;8353;2585;4496;5508;468;9534;2411;4574;7802;1029;1917;876;7184;3147;13;330;206;439;468;649;1410;540;1033;246;10;443;280;612;1267;162;493;175;1506;191;39;382;237;485;338;1532;1611;1016;1212;334;16;444;226;564;955;146;699;581;1601;181;15;639;174;147;112;855;986;194;200;133;4;450;168;221;205;208;737;313;290;61;7;76;36;74;44;149;175;51;114;57;4;74;39;91;131;21;50;14;176;31;;14;8;9;9;6;23;7;18;10;;15;6;22;29;3;15;;49;5;5;157;71;208;139;165;183;91;168;74;;109;55;206;313;28;54;30;300;40;Wichita, KS;141;6;4;;
49180;556;110261;936;6128;1958;3945;1750;4430;7095;2562;2196;4820;300;10671;3236;3576;7044;254;2573;1065;5009;2915;36;577;370;1064;733;666;3441;2090;2120;593;25;1699;1147;1772;2597;89;1453;1089;4391;487;13;192;92;268;143;270;1277;760;425;208;7;260;121;372;430;30;1024;690;666;83;12;470;45;62;43;64;303;78;63;117;7;503;79;70;83;13;171;56;111;50;3;12;11;22;7;11;31;17;19;13;;45;9;20;30;;13;12;34;7;;11;4;6;5;;11;11;16;5;;15;;8;9;;11;9;9;3;4;63;29;85;59;33;106;64;96;17;;94;54;76;105;3;41;40;188;17;Winston-Salem, NC;141;5;8;;
49340;802;157793;1542;10126;2971;8747;3025;5415;7495;3518;4929;7052;725;18596;4363;10310;11392;834;2352;1260;10442;5547;15;493;463;579;259;251;827;506;1786;233;17;901;504;680;464;82;253;225;2809;157;30;453;314;834;444;589;1638;1039;1311;285;13;751;306;1174;1178;334;748;572;2234;230;76;1938;168;295;133;238;633;241;136;954;21;1448;153;367;315;155;542;264;236;264;;15;7;30;11;20;31;24;23;18;;39;14;53;22;3;9;6;46;8;3;26;10;24;7;6;22;5;14;9;;37;12;21;17;;24;10;32;5;;117;34;164;49;32;88;74;201;49;3;200;45;197;155;8;47;56;348;58;Worcester, MA-CT;141;6;5;;
49620;469;84940;865;4555;1832;2920;1635;6781;9026;4063;2114;4473;224;6099;2672;3947;6423;688;2761;2197;4939;2278;7;153;82;125;176;251;900;878;332;119;7;294;177;264;390;76;175;410;780;84;7;111;98;112;132;330;1052;1097;207;116;3;109;132;223;262;126;366;922;412;52;22;230;40;25;15;62;101;146;18;81;3;174;38;50;60;16;84;176;59;31;;6;;6;6;19;27;23;6;4;;8;5;12;10;;13;9;21;7;;11;7;5;;5;9;29;6;8;;7;;4;6;;4;7;13;;;41;13;45;61;56;122;140;60;34;;54;58;87;74;38;38;104;114;17;York-Hanover, PA;141;9;12;;
49660;463;77319;644;3184;1190;2211;1543;4223;9606;4432;3458;2768;330;6797;2424;3498;5284;331;2265;1777;6976;1848;11;163;66;436;226;213;1082;846;858;128;14;412;325;1016;610;54;591;632;1892;131;7;50;20;68;33;89;212;170;118;38;;78;37;149;99;7;95;113;195;35;13;114;4;18;10;9;13;15;16;20;;69;11;32;16;;31;13;33;6;3;;;5;6;10;22;9;6;;;5;3;9;10;;7;;11;;;;;;;;3;;4;;;7;;4;;;;3;8;;;17;3;34;46;10;44;49;64;14;;30;20;60;50;;16;52;90;7;Youngstown-Warren-Boardman, OH-PA;141;27;27;;
